-- ============================================================
-- ShowController 로컬 개발용 시드 데이터
-- 포함 테이블: CATEGORIES, GENRES, PERFORMERS, VENUES, SHOWS, SHOW_GENRES, SHOW_GRADES, PERFORMANCES
-- 제외 테이블: SEATS, SHOW_SEATS, PERFORMANCE_SEATS (현재 ShowController 미사용)
-- ============================================================

-- 카테고리
INSERT INTO CATEGORIES (id, name, code, created_at, created_by, status) VALUES (1, '콘서트', 'CONCERT', '2026-01-01 10:00:00', '시드', 'ACTIVE');
INSERT INTO CATEGORIES (id, name, code, created_at, created_by, status) VALUES (2, '연극', 'THEATER', '2026-01-01 10:00:00', '시드', 'ACTIVE');

-- 장르
INSERT INTO GENRES (id, category_id, name, code, created_at, created_by, status) VALUES (1, 1, '케이팝', 'KPOP', '2026-01-01 10:00:00', '시드', 'ACTIVE');
INSERT INTO GENRES (id, category_id, name, code, created_at, created_by, status) VALUES (2, 1, '힙합', 'HIPHOP', '2026-01-01 10:00:00', '시드', 'ACTIVE');
INSERT INTO GENRES (id, category_id, name, code, created_at, created_by, status) VALUES (3, 1, '알앤비', 'RNB', '2026-01-01 10:00:00', '시드', 'ACTIVE');
INSERT INTO GENRES (id, category_id, name, code, created_at, created_by, status) VALUES (4, 1, '팝', 'POP', '2026-01-01 10:00:00', '시드', 'ACTIVE');
INSERT INTO GENRES (id, category_id, name, code, created_at, created_by, status) VALUES (5, 1, '록', 'ROCK', '2026-01-01 10:00:00', '시드', 'ACTIVE');
INSERT INTO GENRES (id, category_id, name, code, created_at, created_by, status) VALUES (6, 1, '발라드', 'BALLAD', '2026-01-01 10:00:00', '시드', 'ACTIVE');
INSERT INTO GENRES (id, category_id, name, code, created_at, created_by, status) VALUES (7, 1, '인디', 'INDIE', '2026-01-01 10:00:00', '시드', 'ACTIVE');
INSERT INTO GENRES (id, category_id, name, code, created_at, created_by, status) VALUES (8, 2, '드라마', 'DRAMA', '2026-01-01 10:00:00', '시드', 'ACTIVE');
INSERT INTO GENRES (id, category_id, name, code, created_at, created_by, status) VALUES (9, 2, '코미디', 'COMEDY', '2026-01-01 10:00:00', '시드', 'ACTIVE');
INSERT INTO GENRES (id, category_id, name, code, created_at, created_by, status) VALUES (10, 2, '뮤지컬', 'MUSICAL', '2026-01-01 10:00:00', '시드', 'ACTIVE');

-- 공연자
INSERT INTO PERFORMERS (id, name, profile_image_url, created_at, created_by, status) VALUES (1, '방탄소년단', 'https://example.com/performers/p01.jpg', '2026-01-01 10:00:00', '시드', 'ACTIVE');
INSERT INTO PERFORMERS (id, name, profile_image_url, created_at, created_by, status) VALUES (2, '블랙핑크', 'https://example.com/performers/p02.jpg', '2026-01-01 10:00:00', '시드', 'ACTIVE');
INSERT INTO PERFORMERS (id, name, profile_image_url, created_at, created_by, status) VALUES (3, '세븐틴', 'https://example.com/performers/p03.jpg', '2026-01-01 10:00:00', '시드', 'ACTIVE');
INSERT INTO PERFORMERS (id, name, profile_image_url, created_at, created_by, status) VALUES (4, '아이유', 'https://example.com/performers/p04.jpg', '2026-01-01 10:00:00', '시드', 'ACTIVE');
INSERT INTO PERFORMERS (id, name, profile_image_url, created_at, created_by, status) VALUES (5, '데이식스', 'https://example.com/performers/p05.jpg', '2026-01-01 10:00:00', '시드', 'ACTIVE');
INSERT INTO PERFORMERS (id, name, profile_image_url, created_at, created_by, status) VALUES (6, '악뮤', 'https://example.com/performers/p06.jpg', '2026-01-01 10:00:00', '시드', 'ACTIVE');
INSERT INTO PERFORMERS (id, name, profile_image_url, created_at, created_by, status) VALUES (7, '엔하이픈', 'https://example.com/performers/p07.jpg', '2026-01-01 10:00:00', '시드', 'ACTIVE');
INSERT INTO PERFORMERS (id, name, profile_image_url, created_at, created_by, status) VALUES (8, '르세라핌', 'https://example.com/performers/p08.jpg', '2026-01-01 10:00:00', '시드', 'ACTIVE');
INSERT INTO PERFORMERS (id, name, profile_image_url, created_at, created_by, status) VALUES (9, '엔시티127', 'https://example.com/performers/p09.jpg', '2026-01-01 10:00:00', '시드', 'ACTIVE');
INSERT INTO PERFORMERS (id, name, profile_image_url, created_at, created_by, status) VALUES (10, '투모로우바이투게더', 'https://example.com/performers/p10.jpg', '2026-01-01 10:00:00', '시드', 'ACTIVE');
INSERT INTO PERFORMERS (id, name, profile_image_url, created_at, created_by, status) VALUES (11, '제로베이스원', 'https://example.com/performers/p11.jpg', '2026-01-01 10:00:00', '시드', 'ACTIVE');
INSERT INTO PERFORMERS (id, name, profile_image_url, created_at, created_by, status) VALUES (12, '뉴진스', 'https://example.com/performers/p12.jpg', '2026-01-01 10:00:00', '시드', 'ACTIVE');
INSERT INTO PERFORMERS (id, name, profile_image_url, created_at, created_by, status) VALUES (13, '서울극단', 'https://example.com/performers/p13.jpg', '2026-01-01 10:00:00', '시드', 'ACTIVE');
INSERT INTO PERFORMERS (id, name, profile_image_url, created_at, created_by, status) VALUES (14, '국립연극단', 'https://example.com/performers/p14.jpg', '2026-01-01 10:00:00', '시드', 'ACTIVE');
INSERT INTO PERFORMERS (id, name, profile_image_url, created_at, created_by, status) VALUES (15, '무대코미디크루', 'https://example.com/performers/p15.jpg', '2026-01-01 10:00:00', '시드', 'ACTIVE');
INSERT INTO PERFORMERS (id, name, profile_image_url, created_at, created_by, status) VALUES (16, '창작뮤지컬컴퍼니', 'https://example.com/performers/p16.jpg', '2026-01-01 10:00:00', '시드', 'ACTIVE');
INSERT INTO PERFORMERS (id, name, profile_image_url, created_at, created_by, status) VALUES (17, '청춘연극프로젝트', 'https://example.com/performers/p17.jpg', '2026-01-01 10:00:00', '시드', 'ACTIVE');
INSERT INTO PERFORMERS (id, name, profile_image_url, created_at, created_by, status) VALUES (18, '클래식연기단', 'https://example.com/performers/p18.jpg', '2026-01-01 10:00:00', '시드', 'ACTIVE');
INSERT INTO PERFORMERS (id, name, profile_image_url, created_at, created_by, status) VALUES (19, '한빛스테이지', 'https://example.com/performers/p19.jpg', '2026-01-01 10:00:00', '시드', 'ACTIVE');
INSERT INTO PERFORMERS (id, name, profile_image_url, created_at, created_by, status) VALUES (20, '드림씨어터앙상블', 'https://example.com/performers/p20.jpg', '2026-01-01 10:00:00', '시드', 'ACTIVE');

-- 공연장
INSERT INTO VENUES (id, name, address, region, address_detail, zip_code, latitude, longitude, phone, image_url, created_at, created_by, status) VALUES (1, '잠실 올림픽 주경기장', '서울 송파구 올림픽로 25', 'SEOUL', '정문', '05554', 37.51536200, 127.07332200, '02-2240-8800', 'https://example.com/venues/jamsil.jpg', '2026-01-01 10:00:00', '시드', 'ACTIVE');
INSERT INTO VENUES (id, name, address, region, address_detail, zip_code, latitude, longitude, phone, image_url, created_at, created_by, status) VALUES (2, 'KSPO 돔', '서울 송파구 올림픽로 424', 'SEOUL', '동문', '05540', 37.52125600, 127.12596100, '02-410-1114', 'https://example.com/venues/kspo.jpg', '2026-01-01 10:00:00', '시드', 'ACTIVE');
INSERT INTO VENUES (id, name, address, region, address_detail, zip_code, latitude, longitude, phone, image_url, created_at, created_by, status) VALUES (3, '고척 스카이돔', '서울 구로구 경인로 430', 'SEOUL', '서문', '08275', 37.49818700, 126.86715800, '02-2128-2300', 'https://example.com/venues/gocheok.jpg', '2026-01-01 10:00:00', '시드', 'ACTIVE');
INSERT INTO VENUES (id, name, address, region, address_detail, zip_code, latitude, longitude, phone, image_url, created_at, created_by, status) VALUES (4, '블루스퀘어 마스터카드홀', '서울 용산구 이태원로 294', 'SEOUL', 'A홀', '04346', 37.54131500, 126.99724500, '02-1544-1591', 'https://example.com/venues/bluesquare.jpg', '2026-01-01 10:00:00', '시드', 'ACTIVE');
INSERT INTO VENUES (id, name, address, region, address_detail, zip_code, latitude, longitude, phone, image_url, created_at, created_by, status) VALUES (5, '수원 실내체육관', '경기 수원시 장안구 경수대로 893', 'GYEONGGI', '1게이트', '16308', 37.29961700, 127.00931200, '031-228-2900', 'https://example.com/venues/suwon.jpg', '2026-01-01 10:00:00', '시드', 'ACTIVE');
INSERT INTO VENUES (id, name, address, region, address_detail, zip_code, latitude, longitude, phone, image_url, created_at, created_by, status) VALUES (6, '고양 아람누리', '경기 고양시 일산동구 중앙로 1286', 'GYEONGGI', '공연장 입구', '10450', 37.66103200, 126.76837700, '1577-7766', 'https://example.com/venues/aramnuri.jpg', '2026-01-01 10:00:00', '시드', 'ACTIVE');
INSERT INTO VENUES (id, name, address, region, address_detail, zip_code, latitude, longitude, phone, image_url, created_at, created_by, status) VALUES (7, '인천 아트플랫폼', '인천 중구 제물량로218번길 3', 'INCHEON', '플랫폼홀', '22313', 37.47488600, 126.62166000, '032-760-1000', 'https://example.com/venues/incheon-art.jpg', '2026-01-01 10:00:00', '시드', 'ACTIVE');
INSERT INTO VENUES (id, name, address, region, address_detail, zip_code, latitude, longitude, phone, image_url, created_at, created_by, status) VALUES (8, '춘천 문화예술회관', '강원 춘천시 효자상길5번길 13', 'GANGWON', '대공연장', '24335', 37.87044500, 127.73407600, '033-259-5800', 'https://example.com/venues/chuncheon-art.jpg', '2026-01-01 10:00:00', '시드', 'ACTIVE');
INSERT INTO VENUES (id, name, address, region, address_detail, zip_code, latitude, longitude, phone, image_url, created_at, created_by, status) VALUES (9, '대전 예술의전당', '대전 서구 둔산대로 135', 'CHUNGCHEONG', '아트홀', '35204', 36.36714600, 127.38823000, '042-270-8333', 'https://example.com/venues/daejeon-art.jpg', '2026-01-01 10:00:00', '시드', 'ACTIVE');
INSERT INTO VENUES (id, name, address, region, address_detail, zip_code, latitude, longitude, phone, image_url, created_at, created_by, status) VALUES (10, '광주 문화예술회관', '광주 북구 북문대로 60', 'JEOLLA', '본관', '61104', 35.17111700, 126.88177400, '062-613-8300', 'https://example.com/venues/gwangju-art.jpg', '2026-01-01 10:00:00', '시드', 'ACTIVE');
INSERT INTO VENUES (id, name, address, region, address_detail, zip_code, latitude, longitude, phone, image_url, created_at, created_by, status) VALUES (11, '부산 문화회관', '부산 남구 유엔평화로 100', 'GYEONGSANG', '대극장', '48434', 35.12785700, 129.09154200, '051-607-6000', 'https://example.com/venues/busan-culture.jpg', '2026-01-01 10:00:00', '시드', 'ACTIVE');
INSERT INTO VENUES (id, name, address, region, address_detail, zip_code, latitude, longitude, phone, image_url, created_at, created_by, status) VALUES (12, '제주 아트센터', '제주 제주시 오남로 231', 'JEJU', '공연장 입구', '63242', 33.48900000, 126.49830200, '064-728-1509', 'https://example.com/venues/jeju-art.jpg', '2026-01-01 10:00:00', '시드', 'ACTIVE');

-- 공연 (총 60개)
INSERT INTO SHOWS (id, title, sub_title, info, start_date, end_date, view_count, sale_type, sale_start_date, sale_end_date, image, venue_id, running_minutes, performer_id, created_at, created_by, status) VALUES (1, '라이브 콘서트 스테이지 01', '콘서트 시리즈 1', '대형 라이브 무대와 밴드 사운드를 즐길 수 있는 콘서트.', '2026-03-01', '2026-03-02', 150530, 'GENERAL', '2025-12-20', '2026-04-20', 'https://example.com/shows/show-01.jpg', 1, 138, 1, '2025-11-02 10:00:00', '시드', 'ACTIVE');
INSERT INTO SHOWS (id, title, sub_title, info, start_date, end_date, view_count, sale_type, sale_start_date, sale_end_date, image, venue_id, running_minutes, performer_id, created_at, created_by, status) VALUES (2, '라이브 콘서트 스테이지 02', '콘서트 시리즈 2', '대형 라이브 무대와 밴드 사운드를 즐길 수 있는 콘서트.', '2026-03-03', '2026-03-04', 149060, 'GENERAL', '2025-12-22', '2026-04-21', 'https://example.com/shows/show-02.jpg', 2, 146, 2, '2025-11-03 10:00:00', '시드', 'ACTIVE');
INSERT INTO SHOWS (id, title, sub_title, info, start_date, end_date, view_count, sale_type, sale_start_date, sale_end_date, image, venue_id, running_minutes, performer_id, created_at, created_by, status) VALUES (3, '라이브 콘서트 스테이지 03', '콘서트 시리즈 3', '대형 라이브 무대와 밴드 사운드를 즐길 수 있는 콘서트.', '2026-03-05', '2026-03-06', 147590, 'GENERAL', '2025-12-24', '2026-04-22', 'https://example.com/shows/show-03.jpg', 3, 154, 3, '2025-11-04 10:00:00', '시드', 'ACTIVE');
INSERT INTO SHOWS (id, title, sub_title, info, start_date, end_date, view_count, sale_type, sale_start_date, sale_end_date, image, venue_id, running_minutes, performer_id, created_at, created_by, status) VALUES (4, '라이브 콘서트 스테이지 04', '콘서트 시리즈 4', '대형 라이브 무대와 밴드 사운드를 즐길 수 있는 콘서트.', '2026-03-07', '2026-03-08', 146120, 'EXCLUSIVE', '2025-12-26', '2026-04-23', 'https://example.com/shows/show-04.jpg', 4, 162, 4, '2025-11-05 10:00:00', '시드', 'ACTIVE');
INSERT INTO SHOWS (id, title, sub_title, info, start_date, end_date, view_count, sale_type, sale_start_date, sale_end_date, image, venue_id, running_minutes, performer_id, created_at, created_by, status) VALUES (5, '라이브 콘서트 스테이지 05', '콘서트 시리즈 5', '대형 라이브 무대와 밴드 사운드를 즐길 수 있는 콘서트.', '2026-03-09', '2026-03-10', 143500, 'GENERAL', '2025-12-28', '2026-04-24', 'https://example.com/shows/show-05.jpg', 5, 130, 5, '2025-11-06 10:00:00', '시드', 'ACTIVE');
INSERT INTO SHOWS (id, title, sub_title, info, start_date, end_date, view_count, sale_type, sale_start_date, sale_end_date, image, venue_id, running_minutes, performer_id, created_at, created_by, status) VALUES (6, '라이브 콘서트 스테이지 06', '콘서트 시리즈 1', '대형 라이브 무대와 밴드 사운드를 즐길 수 있는 콘서트.', '2026-03-11', '2026-03-12', 142030, 'GENERAL', '2025-12-30', '2026-04-25', 'https://example.com/shows/show-06.jpg', 6, 138, 6, '2025-11-07 10:00:00', '시드', 'ACTIVE');
INSERT INTO SHOWS (id, title, sub_title, info, start_date, end_date, view_count, sale_type, sale_start_date, sale_end_date, image, venue_id, running_minutes, performer_id, created_at, created_by, status) VALUES (7, '라이브 콘서트 스테이지 07', '콘서트 시리즈 2', '대형 라이브 무대와 밴드 사운드를 즐길 수 있는 콘서트.', '2026-03-13', '2026-03-14', 140560, 'GENERAL', '2026-01-01', '2026-04-26', 'https://example.com/shows/show-07.jpg', 7, 146, 7, '2025-11-08 10:00:00', '시드', 'ACTIVE');
INSERT INTO SHOWS (id, title, sub_title, info, start_date, end_date, view_count, sale_type, sale_start_date, sale_end_date, image, venue_id, running_minutes, performer_id, created_at, created_by, status) VALUES (8, '라이브 콘서트 스테이지 08', '콘서트 시리즈 3', '대형 라이브 무대와 밴드 사운드를 즐길 수 있는 콘서트.', '2026-03-15', '2026-03-16', 139090, 'EXCLUSIVE', '2026-01-03', '2026-04-27', 'https://example.com/shows/show-08.jpg', 8, 154, 8, '2025-11-09 10:00:00', '시드', 'ACTIVE');
INSERT INTO SHOWS (id, title, sub_title, info, start_date, end_date, view_count, sale_type, sale_start_date, sale_end_date, image, venue_id, running_minutes, performer_id, created_at, created_by, status) VALUES (9, '라이브 콘서트 스테이지 09', '콘서트 시리즈 4', '대형 라이브 무대와 밴드 사운드를 즐길 수 있는 콘서트.', '2026-03-17', '2026-03-18', 137620, 'GENERAL', '2026-01-05', '2026-04-28', 'https://example.com/shows/show-09.jpg', 9, 162, 9, '2025-11-10 10:00:00', '시드', 'ACTIVE');
INSERT INTO SHOWS (id, title, sub_title, info, start_date, end_date, view_count, sale_type, sale_start_date, sale_end_date, image, venue_id, running_minutes, performer_id, created_at, created_by, status) VALUES (10, '라이브 콘서트 스테이지 10', '콘서트 시리즈 5', '대형 라이브 무대와 밴드 사운드를 즐길 수 있는 콘서트.', '2026-03-19', '2026-03-20', 135000, 'GENERAL', '2026-01-07', '2026-04-29', 'https://example.com/shows/show-10.jpg', 10, 130, 10, '2025-11-11 10:00:00', '시드', 'ACTIVE');
INSERT INTO SHOWS (id, title, sub_title, info, start_date, end_date, view_count, sale_type, sale_start_date, sale_end_date, image, venue_id, running_minutes, performer_id, created_at, created_by, status) VALUES (11, '라이브 콘서트 스테이지 11', '콘서트 시리즈 1', '대형 라이브 무대와 밴드 사운드를 즐길 수 있는 콘서트.', '2026-05-01', '2026-05-02', 133530, 'GENERAL', '2026-03-05', '2026-04-19', 'https://example.com/shows/show-11.jpg', 11, 138, 11, '2025-11-12 10:00:00', '시드', 'ACTIVE');
INSERT INTO SHOWS (id, title, sub_title, info, start_date, end_date, view_count, sale_type, sale_start_date, sale_end_date, image, venue_id, running_minutes, performer_id, created_at, created_by, status) VALUES (12, '라이브 콘서트 스테이지 12', '콘서트 시리즈 2', '대형 라이브 무대와 밴드 사운드를 즐길 수 있는 콘서트.', '2026-05-04', '2026-05-05', 132060, 'EXCLUSIVE', '2026-03-07', '2026-04-21', 'https://example.com/shows/show-12.jpg', 12, 146, 12, '2025-11-13 10:00:00', '시드', 'ACTIVE');
INSERT INTO SHOWS (id, title, sub_title, info, start_date, end_date, view_count, sale_type, sale_start_date, sale_end_date, image, venue_id, running_minutes, performer_id, created_at, created_by, status) VALUES (13, '라이브 콘서트 스테이지 13', '콘서트 시리즈 3', '대형 라이브 무대와 밴드 사운드를 즐길 수 있는 콘서트.', '2026-05-07', '2026-05-08', 130590, 'GENERAL', '2026-03-09', '2026-04-23', 'https://example.com/shows/show-13.jpg', 1, 154, 1, '2025-11-14 10:00:00', '시드', 'ACTIVE');
INSERT INTO SHOWS (id, title, sub_title, info, start_date, end_date, view_count, sale_type, sale_start_date, sale_end_date, image, venue_id, running_minutes, performer_id, created_at, created_by, status) VALUES (14, '라이브 콘서트 스테이지 14', '콘서트 시리즈 4', '대형 라이브 무대와 밴드 사운드를 즐길 수 있는 콘서트.', '2026-05-10', '2026-05-11', 129120, 'GENERAL', '2026-03-11', '2026-04-25', 'https://example.com/shows/show-14.jpg', 2, 162, 2, '2025-11-15 10:00:00', '시드', 'ACTIVE');
INSERT INTO SHOWS (id, title, sub_title, info, start_date, end_date, view_count, sale_type, sale_start_date, sale_end_date, image, venue_id, running_minutes, performer_id, created_at, created_by, status) VALUES (15, '라이브 콘서트 스테이지 15', '콘서트 시리즈 5', '대형 라이브 무대와 밴드 사운드를 즐길 수 있는 콘서트.', '2026-05-13', '2026-05-14', 126500, 'GENERAL', '2026-03-13', '2026-04-27', 'https://example.com/shows/show-15.jpg', 3, 130, 3, '2025-11-16 10:00:00', '시드', 'ACTIVE');
INSERT INTO SHOWS (id, title, sub_title, info, start_date, end_date, view_count, sale_type, sale_start_date, sale_end_date, image, venue_id, running_minutes, performer_id, created_at, created_by, status) VALUES (16, '라이브 콘서트 스테이지 16', '콘서트 시리즈 1', '대형 라이브 무대와 밴드 사운드를 즐길 수 있는 콘서트.', '2026-05-16', '2026-05-17', 125030, 'EXCLUSIVE', '2026-03-15', '2026-04-29', 'https://example.com/shows/show-16.jpg', 4, 138, 4, '2025-11-17 10:00:00', '시드', 'ACTIVE');
INSERT INTO SHOWS (id, title, sub_title, info, start_date, end_date, view_count, sale_type, sale_start_date, sale_end_date, image, venue_id, running_minutes, performer_id, created_at, created_by, status) VALUES (17, '라이브 콘서트 스테이지 17', '콘서트 시리즈 2', '대형 라이브 무대와 밴드 사운드를 즐길 수 있는 콘서트.', '2026-05-19', '2026-05-20', 123560, 'GENERAL', '2026-03-17', '2026-05-01', 'https://example.com/shows/show-17.jpg', 5, 146, 5, '2025-11-18 10:00:00', '시드', 'ACTIVE');
INSERT INTO SHOWS (id, title, sub_title, info, start_date, end_date, view_count, sale_type, sale_start_date, sale_end_date, image, venue_id, running_minutes, performer_id, created_at, created_by, status) VALUES (18, '라이브 콘서트 스테이지 18', '콘서트 시리즈 3', '대형 라이브 무대와 밴드 사운드를 즐길 수 있는 콘서트.', '2026-05-22', '2026-05-23', 122090, 'GENERAL', '2026-03-19', '2026-05-03', 'https://example.com/shows/show-18.jpg', 6, 154, 6, '2025-11-19 10:00:00', '시드', 'ACTIVE');
INSERT INTO SHOWS (id, title, sub_title, info, start_date, end_date, view_count, sale_type, sale_start_date, sale_end_date, image, venue_id, running_minutes, performer_id, created_at, created_by, status) VALUES (19, '라이브 콘서트 스테이지 19', '콘서트 시리즈 4', '대형 라이브 무대와 밴드 사운드를 즐길 수 있는 콘서트.', '2026-05-25', '2026-05-26', 120620, 'GENERAL', '2026-03-21', '2026-05-05', 'https://example.com/shows/show-19.jpg', 7, 162, 7, '2025-11-20 10:00:00', '시드', 'ACTIVE');
INSERT INTO SHOWS (id, title, sub_title, info, start_date, end_date, view_count, sale_type, sale_start_date, sale_end_date, image, venue_id, running_minutes, performer_id, created_at, created_by, status) VALUES (20, '라이브 콘서트 스테이지 20', '콘서트 시리즈 5', '대형 라이브 무대와 밴드 사운드를 즐길 수 있는 콘서트.', '2026-05-28', '2026-05-29', 118000, 'EXCLUSIVE', '2026-03-23', '2026-05-07', 'https://example.com/shows/show-20.jpg', 8, 130, 8, '2025-11-21 10:00:00', '시드', 'ACTIVE');
INSERT INTO SHOWS (id, title, sub_title, info, start_date, end_date, view_count, sale_type, sale_start_date, sale_end_date, image, venue_id, running_minutes, performer_id, created_at, created_by, status) VALUES (21, '라이브 콘서트 스테이지 21', '콘서트 시리즈 1', '대형 라이브 무대와 밴드 사운드를 즐길 수 있는 콘서트.', '2025-09-01', '2025-09-02', 116530, 'GENERAL', '2025-05-10', '2025-12-10', 'https://example.com/shows/show-21.jpg', 9, 138, 9, '2025-11-22 10:00:00', '시드', 'ACTIVE');
INSERT INTO SHOWS (id, title, sub_title, info, start_date, end_date, view_count, sale_type, sale_start_date, sale_end_date, image, venue_id, running_minutes, performer_id, created_at, created_by, status) VALUES (22, '라이브 콘서트 스테이지 22', '콘서트 시리즈 2', '대형 라이브 무대와 밴드 사운드를 즐길 수 있는 콘서트.', '2025-09-03', '2025-09-04', 115060, 'GENERAL', '2025-05-12', '2025-12-09', 'https://example.com/shows/show-22.jpg', 10, 146, 10, '2025-11-23 10:00:00', '시드', 'ACTIVE');
INSERT INTO SHOWS (id, title, sub_title, info, start_date, end_date, view_count, sale_type, sale_start_date, sale_end_date, image, venue_id, running_minutes, performer_id, created_at, created_by, status) VALUES (23, '라이브 콘서트 스테이지 23', '콘서트 시리즈 3', '대형 라이브 무대와 밴드 사운드를 즐길 수 있는 콘서트.', '2025-09-05', '2025-09-06', 113590, 'GENERAL', '2025-05-14', '2025-12-08', 'https://example.com/shows/show-23.jpg', 11, 154, 11, '2025-11-24 10:00:00', '시드', 'ACTIVE');
INSERT INTO SHOWS (id, title, sub_title, info, start_date, end_date, view_count, sale_type, sale_start_date, sale_end_date, image, venue_id, running_minutes, performer_id, created_at, created_by, status) VALUES (24, '라이브 콘서트 스테이지 24', '콘서트 시리즈 4', '대형 라이브 무대와 밴드 사운드를 즐길 수 있는 콘서트.', '2025-09-07', '2025-09-08', 112120, 'EXCLUSIVE', '2025-05-16', '2025-12-07', 'https://example.com/shows/show-24.jpg', 12, 162, 12, '2025-11-25 10:00:00', '시드', 'ACTIVE');
INSERT INTO SHOWS (id, title, sub_title, info, start_date, end_date, view_count, sale_type, sale_start_date, sale_end_date, image, venue_id, running_minutes, performer_id, created_at, created_by, status) VALUES (25, '라이브 콘서트 스테이지 25', '콘서트 시리즈 5', '대형 라이브 무대와 밴드 사운드를 즐길 수 있는 콘서트.', '2025-09-09', '2025-09-10', 109500, 'GENERAL', '2025-05-18', '2025-12-06', 'https://example.com/shows/show-25.jpg', 1, 130, 1, '2025-11-26 10:00:00', '시드', 'ACTIVE');
INSERT INTO SHOWS (id, title, sub_title, info, start_date, end_date, view_count, sale_type, sale_start_date, sale_end_date, image, venue_id, running_minutes, performer_id, created_at, created_by, status) VALUES (26, '라이브 콘서트 스테이지 26', '콘서트 시리즈 1', '대형 라이브 무대와 밴드 사운드를 즐길 수 있는 콘서트.', '2025-09-11', '2025-09-12', 108030, 'GENERAL', '2025-05-20', '2025-12-05', 'https://example.com/shows/show-26.jpg', 2, 138, 2, '2025-11-27 10:00:00', '시드', 'ACTIVE');
INSERT INTO SHOWS (id, title, sub_title, info, start_date, end_date, view_count, sale_type, sale_start_date, sale_end_date, image, venue_id, running_minutes, performer_id, created_at, created_by, status) VALUES (27, '라이브 콘서트 스테이지 27', '콘서트 시리즈 2', '대형 라이브 무대와 밴드 사운드를 즐길 수 있는 콘서트.', '2025-09-13', '2025-09-14', 106560, 'GENERAL', '2025-05-22', '2025-12-04', 'https://example.com/shows/show-27.jpg', 3, 146, 3, '2025-11-28 10:00:00', '시드', 'ACTIVE');
INSERT INTO SHOWS (id, title, sub_title, info, start_date, end_date, view_count, sale_type, sale_start_date, sale_end_date, image, venue_id, running_minutes, performer_id, created_at, created_by, status) VALUES (28, '라이브 콘서트 스테이지 28', '콘서트 시리즈 3', '대형 라이브 무대와 밴드 사운드를 즐길 수 있는 콘서트.', '2025-09-15', '2025-09-16', 105090, 'EXCLUSIVE', '2025-05-24', '2025-12-03', 'https://example.com/shows/show-28.jpg', 4, 154, 4, '2025-11-29 10:00:00', '시드', 'ACTIVE');
INSERT INTO SHOWS (id, title, sub_title, info, start_date, end_date, view_count, sale_type, sale_start_date, sale_end_date, image, venue_id, running_minutes, performer_id, created_at, created_by, status) VALUES (29, '라이브 콘서트 스테이지 29', '콘서트 시리즈 4', '대형 라이브 무대와 밴드 사운드를 즐길 수 있는 콘서트.', '2025-09-17', '2025-09-18', 103620, 'GENERAL', '2025-05-26', '2025-12-02', 'https://example.com/shows/show-29.jpg', 5, 162, 5, '2025-11-30 10:00:00', '시드', 'ACTIVE');
INSERT INTO SHOWS (id, title, sub_title, info, start_date, end_date, view_count, sale_type, sale_start_date, sale_end_date, image, venue_id, running_minutes, performer_id, created_at, created_by, status) VALUES (30, '라이브 콘서트 스테이지 30', '콘서트 시리즈 5', '대형 라이브 무대와 밴드 사운드를 즐길 수 있는 콘서트.', '2025-09-19', '2025-09-20', 101000, 'GENERAL', '2025-05-28', '2025-12-01', 'https://example.com/shows/show-30.jpg', 6, 130, 6, '2025-12-01 10:00:00', '시드', 'ACTIVE');
INSERT INTO SHOWS (id, title, sub_title, info, start_date, end_date, view_count, sale_type, sale_start_date, sale_end_date, image, venue_id, running_minutes, performer_id, created_at, created_by, status) VALUES (31, '창작 연극 컬렉션 31', '연극 시즌 1', '탄탄한 서사와 배우 연기로 완성한 연극 작품.', '2026-03-02', '2026-03-03', 99530, 'GENERAL', '2025-12-21', '2026-04-21', 'https://example.com/shows/show-31.jpg', 7, 110, 13, '2025-12-02 10:00:00', '시드', 'ACTIVE');
INSERT INTO SHOWS (id, title, sub_title, info, start_date, end_date, view_count, sale_type, sale_start_date, sale_end_date, image, venue_id, running_minutes, performer_id, created_at, created_by, status) VALUES (32, '창작 연극 컬렉션 32', '연극 시즌 2', '탄탄한 서사와 배우 연기로 완성한 연극 작품.', '2026-03-04', '2026-03-05', 98060, 'EXCLUSIVE', '2025-12-23', '2026-04-22', 'https://example.com/shows/show-32.jpg', 8, 120, 14, '2025-12-03 10:00:00', '시드', 'ACTIVE');
INSERT INTO SHOWS (id, title, sub_title, info, start_date, end_date, view_count, sale_type, sale_start_date, sale_end_date, image, venue_id, running_minutes, performer_id, created_at, created_by, status) VALUES (33, '창작 연극 컬렉션 33', '연극 시즌 3', '탄탄한 서사와 배우 연기로 완성한 연극 작품.', '2026-03-06', '2026-03-07', 96590, 'GENERAL', '2025-12-25', '2026-04-23', 'https://example.com/shows/show-33.jpg', 9, 130, 15, '2025-12-04 10:00:00', '시드', 'ACTIVE');
INSERT INTO SHOWS (id, title, sub_title, info, start_date, end_date, view_count, sale_type, sale_start_date, sale_end_date, image, venue_id, running_minutes, performer_id, created_at, created_by, status) VALUES (34, '창작 연극 컬렉션 34', '연극 시즌 4', '탄탄한 서사와 배우 연기로 완성한 연극 작품.', '2026-03-08', '2026-03-09', 95120, 'GENERAL', '2025-12-27', '2026-04-24', 'https://example.com/shows/show-34.jpg', 10, 140, 16, '2025-12-05 10:00:00', '시드', 'ACTIVE');
INSERT INTO SHOWS (id, title, sub_title, info, start_date, end_date, view_count, sale_type, sale_start_date, sale_end_date, image, venue_id, running_minutes, performer_id, created_at, created_by, status) VALUES (35, '창작 연극 컬렉션 35', '연극 시즌 5', '탄탄한 서사와 배우 연기로 완성한 연극 작품.', '2026-03-10', '2026-03-11', 92500, 'GENERAL', '2025-12-29', '2026-04-25', 'https://example.com/shows/show-35.jpg', 11, 100, 17, '2025-12-06 10:00:00', '시드', 'ACTIVE');
INSERT INTO SHOWS (id, title, sub_title, info, start_date, end_date, view_count, sale_type, sale_start_date, sale_end_date, image, venue_id, running_minutes, performer_id, created_at, created_by, status) VALUES (36, '창작 연극 컬렉션 36', '연극 시즌 1', '탄탄한 서사와 배우 연기로 완성한 연극 작품.', '2026-03-12', '2026-03-13', 91030, 'EXCLUSIVE', '2025-12-31', '2026-04-26', 'https://example.com/shows/show-36.jpg', 12, 110, 18, '2025-12-07 10:00:00', '시드', 'ACTIVE');
INSERT INTO SHOWS (id, title, sub_title, info, start_date, end_date, view_count, sale_type, sale_start_date, sale_end_date, image, venue_id, running_minutes, performer_id, created_at, created_by, status) VALUES (37, '창작 연극 컬렉션 37', '연극 시즌 2', '탄탄한 서사와 배우 연기로 완성한 연극 작품.', '2026-03-14', '2026-03-15', 89560, 'GENERAL', '2026-01-02', '2026-04-27', 'https://example.com/shows/show-37.jpg', 1, 120, 19, '2025-12-08 10:00:00', '시드', 'ACTIVE');
INSERT INTO SHOWS (id, title, sub_title, info, start_date, end_date, view_count, sale_type, sale_start_date, sale_end_date, image, venue_id, running_minutes, performer_id, created_at, created_by, status) VALUES (38, '창작 연극 컬렉션 38', '연극 시즌 3', '탄탄한 서사와 배우 연기로 완성한 연극 작품.', '2026-03-16', '2026-03-17', 88090, 'GENERAL', '2026-01-04', '2026-04-28', 'https://example.com/shows/show-38.jpg', 2, 130, 20, '2025-12-09 10:00:00', '시드', 'ACTIVE');
INSERT INTO SHOWS (id, title, sub_title, info, start_date, end_date, view_count, sale_type, sale_start_date, sale_end_date, image, venue_id, running_minutes, performer_id, created_at, created_by, status) VALUES (39, '창작 연극 컬렉션 39', '연극 시즌 4', '탄탄한 서사와 배우 연기로 완성한 연극 작품.', '2026-03-18', '2026-03-19', 86620, 'GENERAL', '2026-01-06', '2026-04-29', 'https://example.com/shows/show-39.jpg', 3, 140, 13, '2025-12-10 10:00:00', '시드', 'ACTIVE');
INSERT INTO SHOWS (id, title, sub_title, info, start_date, end_date, view_count, sale_type, sale_start_date, sale_end_date, image, venue_id, running_minutes, performer_id, created_at, created_by, status) VALUES (40, '창작 연극 컬렉션 40', '연극 시즌 5', '탄탄한 서사와 배우 연기로 완성한 연극 작품.', '2026-03-20', '2026-03-21', 84000, 'EXCLUSIVE', '2026-01-08', '2026-04-30', 'https://example.com/shows/show-40.jpg', 4, 100, 14, '2025-12-11 10:00:00', '시드', 'ACTIVE');
INSERT INTO SHOWS (id, title, sub_title, info, start_date, end_date, view_count, sale_type, sale_start_date, sale_end_date, image, venue_id, running_minutes, performer_id, created_at, created_by, status) VALUES (41, '창작 연극 컬렉션 41', '연극 시즌 1', '탄탄한 서사와 배우 연기로 완성한 연극 작품.', '2026-05-02', '2026-05-03', 82530, 'GENERAL', '2026-03-06', '2026-04-20', 'https://example.com/shows/show-41.jpg', 5, 110, 15, '2025-12-12 10:00:00', '시드', 'ACTIVE');
INSERT INTO SHOWS (id, title, sub_title, info, start_date, end_date, view_count, sale_type, sale_start_date, sale_end_date, image, venue_id, running_minutes, performer_id, created_at, created_by, status) VALUES (42, '창작 연극 컬렉션 42', '연극 시즌 2', '탄탄한 서사와 배우 연기로 완성한 연극 작품.', '2026-05-05', '2026-05-06', 81060, 'GENERAL', '2026-03-08', '2026-04-22', 'https://example.com/shows/show-42.jpg', 6, 120, 16, '2025-12-13 10:00:00', '시드', 'ACTIVE');
INSERT INTO SHOWS (id, title, sub_title, info, start_date, end_date, view_count, sale_type, sale_start_date, sale_end_date, image, venue_id, running_minutes, performer_id, created_at, created_by, status) VALUES (43, '창작 연극 컬렉션 43', '연극 시즌 3', '탄탄한 서사와 배우 연기로 완성한 연극 작품.', '2026-05-08', '2026-05-09', 79590, 'GENERAL', '2026-03-10', '2026-04-24', 'https://example.com/shows/show-43.jpg', 7, 130, 17, '2025-12-14 10:00:00', '시드', 'ACTIVE');
INSERT INTO SHOWS (id, title, sub_title, info, start_date, end_date, view_count, sale_type, sale_start_date, sale_end_date, image, venue_id, running_minutes, performer_id, created_at, created_by, status) VALUES (44, '창작 연극 컬렉션 44', '연극 시즌 4', '탄탄한 서사와 배우 연기로 완성한 연극 작품.', '2026-05-11', '2026-05-12', 78120, 'EXCLUSIVE', '2026-03-12', '2026-04-26', 'https://example.com/shows/show-44.jpg', 8, 140, 18, '2025-12-15 10:00:00', '시드', 'ACTIVE');
INSERT INTO SHOWS (id, title, sub_title, info, start_date, end_date, view_count, sale_type, sale_start_date, sale_end_date, image, venue_id, running_minutes, performer_id, created_at, created_by, status) VALUES (45, '창작 연극 컬렉션 45', '연극 시즌 5', '탄탄한 서사와 배우 연기로 완성한 연극 작품.', '2026-05-14', '2026-05-15', 75500, 'GENERAL', '2026-03-14', '2026-04-28', 'https://example.com/shows/show-45.jpg', 9, 100, 19, '2025-12-16 10:00:00', '시드', 'ACTIVE');
INSERT INTO SHOWS (id, title, sub_title, info, start_date, end_date, view_count, sale_type, sale_start_date, sale_end_date, image, venue_id, running_minutes, performer_id, created_at, created_by, status) VALUES (46, '창작 연극 컬렉션 46', '연극 시즌 1', '탄탄한 서사와 배우 연기로 완성한 연극 작품.', '2026-05-17', '2026-05-18', 74030, 'GENERAL', '2026-03-16', '2026-04-30', 'https://example.com/shows/show-46.jpg', 10, 110, 20, '2025-12-17 10:00:00', '시드', 'ACTIVE');
INSERT INTO SHOWS (id, title, sub_title, info, start_date, end_date, view_count, sale_type, sale_start_date, sale_end_date, image, venue_id, running_minutes, performer_id, created_at, created_by, status) VALUES (47, '창작 연극 컬렉션 47', '연극 시즌 2', '탄탄한 서사와 배우 연기로 완성한 연극 작품.', '2026-05-20', '2026-05-21', 72560, 'GENERAL', '2026-03-18', '2026-05-02', 'https://example.com/shows/show-47.jpg', 11, 120, 13, '2025-12-18 10:00:00', '시드', 'ACTIVE');
INSERT INTO SHOWS (id, title, sub_title, info, start_date, end_date, view_count, sale_type, sale_start_date, sale_end_date, image, venue_id, running_minutes, performer_id, created_at, created_by, status) VALUES (48, '창작 연극 컬렉션 48', '연극 시즌 3', '탄탄한 서사와 배우 연기로 완성한 연극 작품.', '2026-05-23', '2026-05-24', 71090, 'EXCLUSIVE', '2026-03-20', '2026-05-04', 'https://example.com/shows/show-48.jpg', 12, 130, 14, '2025-12-19 10:00:00', '시드', 'ACTIVE');
INSERT INTO SHOWS (id, title, sub_title, info, start_date, end_date, view_count, sale_type, sale_start_date, sale_end_date, image, venue_id, running_minutes, performer_id, created_at, created_by, status) VALUES (49, '창작 연극 컬렉션 49', '연극 시즌 4', '탄탄한 서사와 배우 연기로 완성한 연극 작품.', '2026-05-26', '2026-05-27', 69620, 'GENERAL', '2026-03-22', '2026-05-06', 'https://example.com/shows/show-49.jpg', 1, 140, 15, '2025-12-20 10:00:00', '시드', 'ACTIVE');
INSERT INTO SHOWS (id, title, sub_title, info, start_date, end_date, view_count, sale_type, sale_start_date, sale_end_date, image, venue_id, running_minutes, performer_id, created_at, created_by, status) VALUES (50, '창작 연극 컬렉션 50', '연극 시즌 5', '탄탄한 서사와 배우 연기로 완성한 연극 작품.', '2026-05-29', '2026-05-30', 67000, 'GENERAL', '2026-03-24', '2026-05-08', 'https://example.com/shows/show-50.jpg', 2, 100, 16, '2025-12-21 10:00:00', '시드', 'ACTIVE');
INSERT INTO SHOWS (id, title, sub_title, info, start_date, end_date, view_count, sale_type, sale_start_date, sale_end_date, image, venue_id, running_minutes, performer_id, created_at, created_by, status) VALUES (51, '창작 연극 컬렉션 51', '연극 시즌 1', '탄탄한 서사와 배우 연기로 완성한 연극 작품.', '2025-09-02', '2025-09-03', 65530, 'GENERAL', '2025-05-11', '2025-12-09', 'https://example.com/shows/show-51.jpg', 3, 110, 17, '2025-12-22 10:00:00', '시드', 'ACTIVE');
INSERT INTO SHOWS (id, title, sub_title, info, start_date, end_date, view_count, sale_type, sale_start_date, sale_end_date, image, venue_id, running_minutes, performer_id, created_at, created_by, status) VALUES (52, '창작 연극 컬렉션 52', '연극 시즌 2', '탄탄한 서사와 배우 연기로 완성한 연극 작품.', '2025-09-04', '2025-09-05', 64060, 'EXCLUSIVE', '2025-05-13', '2025-12-08', 'https://example.com/shows/show-52.jpg', 4, 120, 18, '2025-12-23 10:00:00', '시드', 'ACTIVE');
INSERT INTO SHOWS (id, title, sub_title, info, start_date, end_date, view_count, sale_type, sale_start_date, sale_end_date, image, venue_id, running_minutes, performer_id, created_at, created_by, status) VALUES (53, '창작 연극 컬렉션 53', '연극 시즌 3', '탄탄한 서사와 배우 연기로 완성한 연극 작품.', '2025-09-06', '2025-09-07', 62590, 'GENERAL', '2025-05-15', '2025-12-07', 'https://example.com/shows/show-53.jpg', 5, 130, 19, '2025-12-24 10:00:00', '시드', 'ACTIVE');
INSERT INTO SHOWS (id, title, sub_title, info, start_date, end_date, view_count, sale_type, sale_start_date, sale_end_date, image, venue_id, running_minutes, performer_id, created_at, created_by, status) VALUES (54, '창작 연극 컬렉션 54', '연극 시즌 4', '탄탄한 서사와 배우 연기로 완성한 연극 작품.', '2025-09-08', '2025-09-09', 61120, 'GENERAL', '2025-05-17', '2025-12-06', 'https://example.com/shows/show-54.jpg', 6, 140, 20, '2025-12-25 10:00:00', '시드', 'ACTIVE');
INSERT INTO SHOWS (id, title, sub_title, info, start_date, end_date, view_count, sale_type, sale_start_date, sale_end_date, image, venue_id, running_minutes, performer_id, created_at, created_by, status) VALUES (55, '창작 연극 컬렉션 55', '연극 시즌 5', '탄탄한 서사와 배우 연기로 완성한 연극 작품.', '2025-09-10', '2025-09-11', 58500, 'GENERAL', '2025-05-19', '2025-12-05', 'https://example.com/shows/show-55.jpg', 7, 100, 13, '2025-12-26 10:00:00', '시드', 'ACTIVE');
INSERT INTO SHOWS (id, title, sub_title, info, start_date, end_date, view_count, sale_type, sale_start_date, sale_end_date, image, venue_id, running_minutes, performer_id, created_at, created_by, status) VALUES (56, '창작 연극 컬렉션 56', '연극 시즌 1', '탄탄한 서사와 배우 연기로 완성한 연극 작품.', '2025-09-12', '2025-09-13', 57030, 'EXCLUSIVE', '2025-05-21', '2025-12-04', 'https://example.com/shows/show-56.jpg', 8, 110, 14, '2025-12-27 10:00:00', '시드', 'ACTIVE');
INSERT INTO SHOWS (id, title, sub_title, info, start_date, end_date, view_count, sale_type, sale_start_date, sale_end_date, image, venue_id, running_minutes, performer_id, created_at, created_by, status) VALUES (57, '창작 연극 컬렉션 57', '연극 시즌 2', '탄탄한 서사와 배우 연기로 완성한 연극 작품.', '2025-09-14', '2025-09-15', 55560, 'GENERAL', '2025-05-23', '2025-12-03', 'https://example.com/shows/show-57.jpg', 9, 120, 15, '2025-12-28 10:00:00', '시드', 'ACTIVE');
INSERT INTO SHOWS (id, title, sub_title, info, start_date, end_date, view_count, sale_type, sale_start_date, sale_end_date, image, venue_id, running_minutes, performer_id, created_at, created_by, status) VALUES (58, '창작 연극 컬렉션 58', '연극 시즌 3', '탄탄한 서사와 배우 연기로 완성한 연극 작품.', '2025-09-16', '2025-09-17', 54090, 'GENERAL', '2025-05-25', '2025-12-02', 'https://example.com/shows/show-58.jpg', 10, 130, 16, '2025-12-29 10:00:00', '시드', 'ACTIVE');
INSERT INTO SHOWS (id, title, sub_title, info, start_date, end_date, view_count, sale_type, sale_start_date, sale_end_date, image, venue_id, running_minutes, performer_id, created_at, created_by, status) VALUES (59, '창작 연극 컬렉션 59', '연극 시즌 4', '탄탄한 서사와 배우 연기로 완성한 연극 작품.', '2025-09-18', '2025-09-19', 52620, 'GENERAL', '2025-05-27', '2025-12-01', 'https://example.com/shows/show-59.jpg', 11, 140, 17, '2025-12-30 10:00:00', '시드', 'ACTIVE');
INSERT INTO SHOWS (id, title, sub_title, info, start_date, end_date, view_count, sale_type, sale_start_date, sale_end_date, image, venue_id, running_minutes, performer_id, created_at, created_by, status) VALUES (60, '창작 연극 컬렉션 60', '연극 시즌 5', '탄탄한 서사와 배우 연기로 완성한 연극 작품.', '2025-09-20', '2025-09-21', 50000, 'EXCLUSIVE', '2025-05-29', '2025-11-30', 'https://example.com/shows/show-60.jpg', 12, 100, 18, '2025-12-31 10:00:00', '시드', 'ACTIVE');

-- 공연-장르 매핑
INSERT INTO SHOW_GENRES (id, show_id, genre_id, created_at, created_by, status) VALUES (1, 1, 1, '2026-01-01 10:00:00', '시드', 'ACTIVE');
INSERT INTO SHOW_GENRES (id, show_id, genre_id, created_at, created_by, status) VALUES (2, 1, 4, '2026-01-01 10:00:00', '시드', 'ACTIVE');
INSERT INTO SHOW_GENRES (id, show_id, genre_id, created_at, created_by, status) VALUES (3, 2, 2, '2026-01-01 10:00:00', '시드', 'ACTIVE');
INSERT INTO SHOW_GENRES (id, show_id, genre_id, created_at, created_by, status) VALUES (4, 2, 5, '2026-01-01 10:00:00', '시드', 'ACTIVE');
INSERT INTO SHOW_GENRES (id, show_id, genre_id, created_at, created_by, status) VALUES (5, 3, 3, '2026-01-01 10:00:00', '시드', 'ACTIVE');
INSERT INTO SHOW_GENRES (id, show_id, genre_id, created_at, created_by, status) VALUES (6, 3, 6, '2026-01-01 10:00:00', '시드', 'ACTIVE');
INSERT INTO SHOW_GENRES (id, show_id, genre_id, created_at, created_by, status) VALUES (7, 4, 4, '2026-01-01 10:00:00', '시드', 'ACTIVE');
INSERT INTO SHOW_GENRES (id, show_id, genre_id, created_at, created_by, status) VALUES (8, 4, 7, '2026-01-01 10:00:00', '시드', 'ACTIVE');
INSERT INTO SHOW_GENRES (id, show_id, genre_id, created_at, created_by, status) VALUES (9, 5, 5, '2026-01-01 10:00:00', '시드', 'ACTIVE');
INSERT INTO SHOW_GENRES (id, show_id, genre_id, created_at, created_by, status) VALUES (10, 5, 1, '2026-01-01 10:00:00', '시드', 'ACTIVE');
INSERT INTO SHOW_GENRES (id, show_id, genre_id, created_at, created_by, status) VALUES (11, 6, 6, '2026-01-01 10:00:00', '시드', 'ACTIVE');
INSERT INTO SHOW_GENRES (id, show_id, genre_id, created_at, created_by, status) VALUES (12, 6, 2, '2026-01-01 10:00:00', '시드', 'ACTIVE');
INSERT INTO SHOW_GENRES (id, show_id, genre_id, created_at, created_by, status) VALUES (13, 7, 7, '2026-01-01 10:00:00', '시드', 'ACTIVE');
INSERT INTO SHOW_GENRES (id, show_id, genre_id, created_at, created_by, status) VALUES (14, 7, 3, '2026-01-01 10:00:00', '시드', 'ACTIVE');
INSERT INTO SHOW_GENRES (id, show_id, genre_id, created_at, created_by, status) VALUES (15, 8, 1, '2026-01-01 10:00:00', '시드', 'ACTIVE');
INSERT INTO SHOW_GENRES (id, show_id, genre_id, created_at, created_by, status) VALUES (16, 8, 4, '2026-01-01 10:00:00', '시드', 'ACTIVE');
INSERT INTO SHOW_GENRES (id, show_id, genre_id, created_at, created_by, status) VALUES (17, 9, 2, '2026-01-01 10:00:00', '시드', 'ACTIVE');
INSERT INTO SHOW_GENRES (id, show_id, genre_id, created_at, created_by, status) VALUES (18, 9, 5, '2026-01-01 10:00:00', '시드', 'ACTIVE');
INSERT INTO SHOW_GENRES (id, show_id, genre_id, created_at, created_by, status) VALUES (19, 10, 3, '2026-01-01 10:00:00', '시드', 'ACTIVE');
INSERT INTO SHOW_GENRES (id, show_id, genre_id, created_at, created_by, status) VALUES (20, 10, 6, '2026-01-01 10:00:00', '시드', 'ACTIVE');
INSERT INTO SHOW_GENRES (id, show_id, genre_id, created_at, created_by, status) VALUES (21, 11, 4, '2026-01-01 10:00:00', '시드', 'ACTIVE');
INSERT INTO SHOW_GENRES (id, show_id, genre_id, created_at, created_by, status) VALUES (22, 11, 7, '2026-01-01 10:00:00', '시드', 'ACTIVE');
INSERT INTO SHOW_GENRES (id, show_id, genre_id, created_at, created_by, status) VALUES (23, 12, 5, '2026-01-01 10:00:00', '시드', 'ACTIVE');
INSERT INTO SHOW_GENRES (id, show_id, genre_id, created_at, created_by, status) VALUES (24, 12, 1, '2026-01-01 10:00:00', '시드', 'ACTIVE');
INSERT INTO SHOW_GENRES (id, show_id, genre_id, created_at, created_by, status) VALUES (25, 13, 6, '2026-01-01 10:00:00', '시드', 'ACTIVE');
INSERT INTO SHOW_GENRES (id, show_id, genre_id, created_at, created_by, status) VALUES (26, 13, 2, '2026-01-01 10:00:00', '시드', 'ACTIVE');
INSERT INTO SHOW_GENRES (id, show_id, genre_id, created_at, created_by, status) VALUES (27, 14, 7, '2026-01-01 10:00:00', '시드', 'ACTIVE');
INSERT INTO SHOW_GENRES (id, show_id, genre_id, created_at, created_by, status) VALUES (28, 14, 3, '2026-01-01 10:00:00', '시드', 'ACTIVE');
INSERT INTO SHOW_GENRES (id, show_id, genre_id, created_at, created_by, status) VALUES (29, 15, 1, '2026-01-01 10:00:00', '시드', 'ACTIVE');
INSERT INTO SHOW_GENRES (id, show_id, genre_id, created_at, created_by, status) VALUES (30, 15, 4, '2026-01-01 10:00:00', '시드', 'ACTIVE');
INSERT INTO SHOW_GENRES (id, show_id, genre_id, created_at, created_by, status) VALUES (31, 16, 2, '2026-01-01 10:00:00', '시드', 'ACTIVE');
INSERT INTO SHOW_GENRES (id, show_id, genre_id, created_at, created_by, status) VALUES (32, 16, 5, '2026-01-01 10:00:00', '시드', 'ACTIVE');
INSERT INTO SHOW_GENRES (id, show_id, genre_id, created_at, created_by, status) VALUES (33, 17, 3, '2026-01-01 10:00:00', '시드', 'ACTIVE');
INSERT INTO SHOW_GENRES (id, show_id, genre_id, created_at, created_by, status) VALUES (34, 17, 6, '2026-01-01 10:00:00', '시드', 'ACTIVE');
INSERT INTO SHOW_GENRES (id, show_id, genre_id, created_at, created_by, status) VALUES (35, 18, 4, '2026-01-01 10:00:00', '시드', 'ACTIVE');
INSERT INTO SHOW_GENRES (id, show_id, genre_id, created_at, created_by, status) VALUES (36, 18, 7, '2026-01-01 10:00:00', '시드', 'ACTIVE');
INSERT INTO SHOW_GENRES (id, show_id, genre_id, created_at, created_by, status) VALUES (37, 19, 5, '2026-01-01 10:00:00', '시드', 'ACTIVE');
INSERT INTO SHOW_GENRES (id, show_id, genre_id, created_at, created_by, status) VALUES (38, 19, 1, '2026-01-01 10:00:00', '시드', 'ACTIVE');
INSERT INTO SHOW_GENRES (id, show_id, genre_id, created_at, created_by, status) VALUES (39, 20, 6, '2026-01-01 10:00:00', '시드', 'ACTIVE');
INSERT INTO SHOW_GENRES (id, show_id, genre_id, created_at, created_by, status) VALUES (40, 20, 2, '2026-01-01 10:00:00', '시드', 'ACTIVE');
INSERT INTO SHOW_GENRES (id, show_id, genre_id, created_at, created_by, status) VALUES (41, 21, 7, '2026-01-01 10:00:00', '시드', 'ACTIVE');
INSERT INTO SHOW_GENRES (id, show_id, genre_id, created_at, created_by, status) VALUES (42, 21, 3, '2026-01-01 10:00:00', '시드', 'ACTIVE');
INSERT INTO SHOW_GENRES (id, show_id, genre_id, created_at, created_by, status) VALUES (43, 22, 1, '2026-01-01 10:00:00', '시드', 'ACTIVE');
INSERT INTO SHOW_GENRES (id, show_id, genre_id, created_at, created_by, status) VALUES (44, 22, 4, '2026-01-01 10:00:00', '시드', 'ACTIVE');
INSERT INTO SHOW_GENRES (id, show_id, genre_id, created_at, created_by, status) VALUES (45, 23, 2, '2026-01-01 10:00:00', '시드', 'ACTIVE');
INSERT INTO SHOW_GENRES (id, show_id, genre_id, created_at, created_by, status) VALUES (46, 23, 5, '2026-01-01 10:00:00', '시드', 'ACTIVE');
INSERT INTO SHOW_GENRES (id, show_id, genre_id, created_at, created_by, status) VALUES (47, 24, 3, '2026-01-01 10:00:00', '시드', 'ACTIVE');
INSERT INTO SHOW_GENRES (id, show_id, genre_id, created_at, created_by, status) VALUES (48, 24, 6, '2026-01-01 10:00:00', '시드', 'ACTIVE');
INSERT INTO SHOW_GENRES (id, show_id, genre_id, created_at, created_by, status) VALUES (49, 25, 4, '2026-01-01 10:00:00', '시드', 'ACTIVE');
INSERT INTO SHOW_GENRES (id, show_id, genre_id, created_at, created_by, status) VALUES (50, 25, 7, '2026-01-01 10:00:00', '시드', 'ACTIVE');
INSERT INTO SHOW_GENRES (id, show_id, genre_id, created_at, created_by, status) VALUES (51, 26, 5, '2026-01-01 10:00:00', '시드', 'ACTIVE');
INSERT INTO SHOW_GENRES (id, show_id, genre_id, created_at, created_by, status) VALUES (52, 26, 1, '2026-01-01 10:00:00', '시드', 'ACTIVE');
INSERT INTO SHOW_GENRES (id, show_id, genre_id, created_at, created_by, status) VALUES (53, 27, 6, '2026-01-01 10:00:00', '시드', 'ACTIVE');
INSERT INTO SHOW_GENRES (id, show_id, genre_id, created_at, created_by, status) VALUES (54, 27, 2, '2026-01-01 10:00:00', '시드', 'ACTIVE');
INSERT INTO SHOW_GENRES (id, show_id, genre_id, created_at, created_by, status) VALUES (55, 28, 7, '2026-01-01 10:00:00', '시드', 'ACTIVE');
INSERT INTO SHOW_GENRES (id, show_id, genre_id, created_at, created_by, status) VALUES (56, 28, 3, '2026-01-01 10:00:00', '시드', 'ACTIVE');
INSERT INTO SHOW_GENRES (id, show_id, genre_id, created_at, created_by, status) VALUES (57, 29, 1, '2026-01-01 10:00:00', '시드', 'ACTIVE');
INSERT INTO SHOW_GENRES (id, show_id, genre_id, created_at, created_by, status) VALUES (58, 29, 4, '2026-01-01 10:00:00', '시드', 'ACTIVE');
INSERT INTO SHOW_GENRES (id, show_id, genre_id, created_at, created_by, status) VALUES (59, 30, 2, '2026-01-01 10:00:00', '시드', 'ACTIVE');
INSERT INTO SHOW_GENRES (id, show_id, genre_id, created_at, created_by, status) VALUES (60, 30, 5, '2026-01-01 10:00:00', '시드', 'ACTIVE');
INSERT INTO SHOW_GENRES (id, show_id, genre_id, created_at, created_by, status) VALUES (61, 31, 8, '2026-01-01 10:00:00', '시드', 'ACTIVE');
INSERT INTO SHOW_GENRES (id, show_id, genre_id, created_at, created_by, status) VALUES (62, 31, 9, '2026-01-01 10:00:00', '시드', 'ACTIVE');
INSERT INTO SHOW_GENRES (id, show_id, genre_id, created_at, created_by, status) VALUES (63, 32, 9, '2026-01-01 10:00:00', '시드', 'ACTIVE');
INSERT INTO SHOW_GENRES (id, show_id, genre_id, created_at, created_by, status) VALUES (64, 32, 10, '2026-01-01 10:00:00', '시드', 'ACTIVE');
INSERT INTO SHOW_GENRES (id, show_id, genre_id, created_at, created_by, status) VALUES (65, 33, 10, '2026-01-01 10:00:00', '시드', 'ACTIVE');
INSERT INTO SHOW_GENRES (id, show_id, genre_id, created_at, created_by, status) VALUES (66, 33, 8, '2026-01-01 10:00:00', '시드', 'ACTIVE');
INSERT INTO SHOW_GENRES (id, show_id, genre_id, created_at, created_by, status) VALUES (67, 34, 8, '2026-01-01 10:00:00', '시드', 'ACTIVE');
INSERT INTO SHOW_GENRES (id, show_id, genre_id, created_at, created_by, status) VALUES (68, 34, 9, '2026-01-01 10:00:00', '시드', 'ACTIVE');
INSERT INTO SHOW_GENRES (id, show_id, genre_id, created_at, created_by, status) VALUES (69, 35, 9, '2026-01-01 10:00:00', '시드', 'ACTIVE');
INSERT INTO SHOW_GENRES (id, show_id, genre_id, created_at, created_by, status) VALUES (70, 35, 10, '2026-01-01 10:00:00', '시드', 'ACTIVE');
INSERT INTO SHOW_GENRES (id, show_id, genre_id, created_at, created_by, status) VALUES (71, 36, 10, '2026-01-01 10:00:00', '시드', 'ACTIVE');
INSERT INTO SHOW_GENRES (id, show_id, genre_id, created_at, created_by, status) VALUES (72, 36, 8, '2026-01-01 10:00:00', '시드', 'ACTIVE');
INSERT INTO SHOW_GENRES (id, show_id, genre_id, created_at, created_by, status) VALUES (73, 37, 8, '2026-01-01 10:00:00', '시드', 'ACTIVE');
INSERT INTO SHOW_GENRES (id, show_id, genre_id, created_at, created_by, status) VALUES (74, 37, 9, '2026-01-01 10:00:00', '시드', 'ACTIVE');
INSERT INTO SHOW_GENRES (id, show_id, genre_id, created_at, created_by, status) VALUES (75, 38, 9, '2026-01-01 10:00:00', '시드', 'ACTIVE');
INSERT INTO SHOW_GENRES (id, show_id, genre_id, created_at, created_by, status) VALUES (76, 38, 10, '2026-01-01 10:00:00', '시드', 'ACTIVE');
INSERT INTO SHOW_GENRES (id, show_id, genre_id, created_at, created_by, status) VALUES (77, 39, 10, '2026-01-01 10:00:00', '시드', 'ACTIVE');
INSERT INTO SHOW_GENRES (id, show_id, genre_id, created_at, created_by, status) VALUES (78, 39, 8, '2026-01-01 10:00:00', '시드', 'ACTIVE');
INSERT INTO SHOW_GENRES (id, show_id, genre_id, created_at, created_by, status) VALUES (79, 40, 8, '2026-01-01 10:00:00', '시드', 'ACTIVE');
INSERT INTO SHOW_GENRES (id, show_id, genre_id, created_at, created_by, status) VALUES (80, 40, 9, '2026-01-01 10:00:00', '시드', 'ACTIVE');
INSERT INTO SHOW_GENRES (id, show_id, genre_id, created_at, created_by, status) VALUES (81, 41, 9, '2026-01-01 10:00:00', '시드', 'ACTIVE');
INSERT INTO SHOW_GENRES (id, show_id, genre_id, created_at, created_by, status) VALUES (82, 41, 10, '2026-01-01 10:00:00', '시드', 'ACTIVE');
INSERT INTO SHOW_GENRES (id, show_id, genre_id, created_at, created_by, status) VALUES (83, 42, 10, '2026-01-01 10:00:00', '시드', 'ACTIVE');
INSERT INTO SHOW_GENRES (id, show_id, genre_id, created_at, created_by, status) VALUES (84, 42, 8, '2026-01-01 10:00:00', '시드', 'ACTIVE');
INSERT INTO SHOW_GENRES (id, show_id, genre_id, created_at, created_by, status) VALUES (85, 43, 8, '2026-01-01 10:00:00', '시드', 'ACTIVE');
INSERT INTO SHOW_GENRES (id, show_id, genre_id, created_at, created_by, status) VALUES (86, 43, 9, '2026-01-01 10:00:00', '시드', 'ACTIVE');
INSERT INTO SHOW_GENRES (id, show_id, genre_id, created_at, created_by, status) VALUES (87, 44, 9, '2026-01-01 10:00:00', '시드', 'ACTIVE');
INSERT INTO SHOW_GENRES (id, show_id, genre_id, created_at, created_by, status) VALUES (88, 44, 10, '2026-01-01 10:00:00', '시드', 'ACTIVE');
INSERT INTO SHOW_GENRES (id, show_id, genre_id, created_at, created_by, status) VALUES (89, 45, 10, '2026-01-01 10:00:00', '시드', 'ACTIVE');
INSERT INTO SHOW_GENRES (id, show_id, genre_id, created_at, created_by, status) VALUES (90, 45, 8, '2026-01-01 10:00:00', '시드', 'ACTIVE');
INSERT INTO SHOW_GENRES (id, show_id, genre_id, created_at, created_by, status) VALUES (91, 46, 8, '2026-01-01 10:00:00', '시드', 'ACTIVE');
INSERT INTO SHOW_GENRES (id, show_id, genre_id, created_at, created_by, status) VALUES (92, 46, 9, '2026-01-01 10:00:00', '시드', 'ACTIVE');
INSERT INTO SHOW_GENRES (id, show_id, genre_id, created_at, created_by, status) VALUES (93, 47, 9, '2026-01-01 10:00:00', '시드', 'ACTIVE');
INSERT INTO SHOW_GENRES (id, show_id, genre_id, created_at, created_by, status) VALUES (94, 47, 10, '2026-01-01 10:00:00', '시드', 'ACTIVE');
INSERT INTO SHOW_GENRES (id, show_id, genre_id, created_at, created_by, status) VALUES (95, 48, 10, '2026-01-01 10:00:00', '시드', 'ACTIVE');
INSERT INTO SHOW_GENRES (id, show_id, genre_id, created_at, created_by, status) VALUES (96, 48, 8, '2026-01-01 10:00:00', '시드', 'ACTIVE');
INSERT INTO SHOW_GENRES (id, show_id, genre_id, created_at, created_by, status) VALUES (97, 49, 8, '2026-01-01 10:00:00', '시드', 'ACTIVE');
INSERT INTO SHOW_GENRES (id, show_id, genre_id, created_at, created_by, status) VALUES (98, 49, 9, '2026-01-01 10:00:00', '시드', 'ACTIVE');
INSERT INTO SHOW_GENRES (id, show_id, genre_id, created_at, created_by, status) VALUES (99, 50, 9, '2026-01-01 10:00:00', '시드', 'ACTIVE');
INSERT INTO SHOW_GENRES (id, show_id, genre_id, created_at, created_by, status) VALUES (100, 50, 10, '2026-01-01 10:00:00', '시드', 'ACTIVE');
INSERT INTO SHOW_GENRES (id, show_id, genre_id, created_at, created_by, status) VALUES (101, 51, 10, '2026-01-01 10:00:00', '시드', 'ACTIVE');
INSERT INTO SHOW_GENRES (id, show_id, genre_id, created_at, created_by, status) VALUES (102, 51, 8, '2026-01-01 10:00:00', '시드', 'ACTIVE');
INSERT INTO SHOW_GENRES (id, show_id, genre_id, created_at, created_by, status) VALUES (103, 52, 8, '2026-01-01 10:00:00', '시드', 'ACTIVE');
INSERT INTO SHOW_GENRES (id, show_id, genre_id, created_at, created_by, status) VALUES (104, 52, 9, '2026-01-01 10:00:00', '시드', 'ACTIVE');
INSERT INTO SHOW_GENRES (id, show_id, genre_id, created_at, created_by, status) VALUES (105, 53, 9, '2026-01-01 10:00:00', '시드', 'ACTIVE');
INSERT INTO SHOW_GENRES (id, show_id, genre_id, created_at, created_by, status) VALUES (106, 53, 10, '2026-01-01 10:00:00', '시드', 'ACTIVE');
INSERT INTO SHOW_GENRES (id, show_id, genre_id, created_at, created_by, status) VALUES (107, 54, 10, '2026-01-01 10:00:00', '시드', 'ACTIVE');
INSERT INTO SHOW_GENRES (id, show_id, genre_id, created_at, created_by, status) VALUES (108, 54, 8, '2026-01-01 10:00:00', '시드', 'ACTIVE');
INSERT INTO SHOW_GENRES (id, show_id, genre_id, created_at, created_by, status) VALUES (109, 55, 8, '2026-01-01 10:00:00', '시드', 'ACTIVE');
INSERT INTO SHOW_GENRES (id, show_id, genre_id, created_at, created_by, status) VALUES (110, 55, 9, '2026-01-01 10:00:00', '시드', 'ACTIVE');
INSERT INTO SHOW_GENRES (id, show_id, genre_id, created_at, created_by, status) VALUES (111, 56, 9, '2026-01-01 10:00:00', '시드', 'ACTIVE');
INSERT INTO SHOW_GENRES (id, show_id, genre_id, created_at, created_by, status) VALUES (112, 56, 10, '2026-01-01 10:00:00', '시드', 'ACTIVE');
INSERT INTO SHOW_GENRES (id, show_id, genre_id, created_at, created_by, status) VALUES (113, 57, 10, '2026-01-01 10:00:00', '시드', 'ACTIVE');
INSERT INTO SHOW_GENRES (id, show_id, genre_id, created_at, created_by, status) VALUES (114, 57, 8, '2026-01-01 10:00:00', '시드', 'ACTIVE');
INSERT INTO SHOW_GENRES (id, show_id, genre_id, created_at, created_by, status) VALUES (115, 58, 8, '2026-01-01 10:00:00', '시드', 'ACTIVE');
INSERT INTO SHOW_GENRES (id, show_id, genre_id, created_at, created_by, status) VALUES (116, 58, 9, '2026-01-01 10:00:00', '시드', 'ACTIVE');
INSERT INTO SHOW_GENRES (id, show_id, genre_id, created_at, created_by, status) VALUES (117, 59, 9, '2026-01-01 10:00:00', '시드', 'ACTIVE');
INSERT INTO SHOW_GENRES (id, show_id, genre_id, created_at, created_by, status) VALUES (118, 59, 10, '2026-01-01 10:00:00', '시드', 'ACTIVE');
INSERT INTO SHOW_GENRES (id, show_id, genre_id, created_at, created_by, status) VALUES (119, 60, 10, '2026-01-01 10:00:00', '시드', 'ACTIVE');
INSERT INTO SHOW_GENRES (id, show_id, genre_id, created_at, created_by, status) VALUES (120, 60, 8, '2026-01-01 10:00:00', '시드', 'ACTIVE');

-- 공연 등급
INSERT INTO SHOW_GRADES (id, show_id, grade_code, grade_name, price, sort_order, created_at, created_by, status) VALUES (1, 1, 'VIP', 'VIP석', 174000, 1, '2026-01-01 10:00:00', '시드', 'ACTIVE');
INSERT INTO SHOW_GRADES (id, show_id, grade_code, grade_name, price, sort_order, created_at, created_by, status) VALUES (2, 1, 'R', 'R석', 129000, 2, '2026-01-01 10:00:00', '시드', 'ACTIVE');
INSERT INTO SHOW_GRADES (id, show_id, grade_code, grade_name, price, sort_order, created_at, created_by, status) VALUES (3, 1, 'S', 'S석', 94000, 3, '2026-01-01 10:00:00', '시드', 'ACTIVE');
INSERT INTO SHOW_GRADES (id, show_id, grade_code, grade_name, price, sort_order, created_at, created_by, status) VALUES (4, 2, 'VIP', 'VIP석', 178000, 1, '2026-01-01 10:00:00', '시드', 'ACTIVE');
INSERT INTO SHOW_GRADES (id, show_id, grade_code, grade_name, price, sort_order, created_at, created_by, status) VALUES (5, 2, 'R', 'R석', 133000, 2, '2026-01-01 10:00:00', '시드', 'ACTIVE');
INSERT INTO SHOW_GRADES (id, show_id, grade_code, grade_name, price, sort_order, created_at, created_by, status) VALUES (6, 2, 'S', 'S석', 98000, 3, '2026-01-01 10:00:00', '시드', 'ACTIVE');
INSERT INTO SHOW_GRADES (id, show_id, grade_code, grade_name, price, sort_order, created_at, created_by, status) VALUES (7, 3, 'VIP', 'VIP석', 182000, 1, '2026-01-01 10:00:00', '시드', 'ACTIVE');
INSERT INTO SHOW_GRADES (id, show_id, grade_code, grade_name, price, sort_order, created_at, created_by, status) VALUES (8, 3, 'R', 'R석', 137000, 2, '2026-01-01 10:00:00', '시드', 'ACTIVE');
INSERT INTO SHOW_GRADES (id, show_id, grade_code, grade_name, price, sort_order, created_at, created_by, status) VALUES (9, 3, 'S', 'S석', 102000, 3, '2026-01-01 10:00:00', '시드', 'ACTIVE');
INSERT INTO SHOW_GRADES (id, show_id, grade_code, grade_name, price, sort_order, created_at, created_by, status) VALUES (10, 4, 'VIP', 'VIP석', 186000, 1, '2026-01-01 10:00:00', '시드', 'ACTIVE');
INSERT INTO SHOW_GRADES (id, show_id, grade_code, grade_name, price, sort_order, created_at, created_by, status) VALUES (11, 4, 'R', 'R석', 141000, 2, '2026-01-01 10:00:00', '시드', 'ACTIVE');
INSERT INTO SHOW_GRADES (id, show_id, grade_code, grade_name, price, sort_order, created_at, created_by, status) VALUES (12, 4, 'S', 'S석', 106000, 3, '2026-01-01 10:00:00', '시드', 'ACTIVE');
INSERT INTO SHOW_GRADES (id, show_id, grade_code, grade_name, price, sort_order, created_at, created_by, status) VALUES (13, 5, 'VIP', 'VIP석', 190000, 1, '2026-01-01 10:00:00', '시드', 'ACTIVE');
INSERT INTO SHOW_GRADES (id, show_id, grade_code, grade_name, price, sort_order, created_at, created_by, status) VALUES (14, 5, 'R', 'R석', 145000, 2, '2026-01-01 10:00:00', '시드', 'ACTIVE');
INSERT INTO SHOW_GRADES (id, show_id, grade_code, grade_name, price, sort_order, created_at, created_by, status) VALUES (15, 5, 'S', 'S석', 110000, 3, '2026-01-01 10:00:00', '시드', 'ACTIVE');
INSERT INTO SHOW_GRADES (id, show_id, grade_code, grade_name, price, sort_order, created_at, created_by, status) VALUES (16, 6, 'VIP', 'VIP석', 170000, 1, '2026-01-01 10:00:00', '시드', 'ACTIVE');
INSERT INTO SHOW_GRADES (id, show_id, grade_code, grade_name, price, sort_order, created_at, created_by, status) VALUES (17, 6, 'R', 'R석', 125000, 2, '2026-01-01 10:00:00', '시드', 'ACTIVE');
INSERT INTO SHOW_GRADES (id, show_id, grade_code, grade_name, price, sort_order, created_at, created_by, status) VALUES (18, 6, 'S', 'S석', 90000, 3, '2026-01-01 10:00:00', '시드', 'ACTIVE');
INSERT INTO SHOW_GRADES (id, show_id, grade_code, grade_name, price, sort_order, created_at, created_by, status) VALUES (19, 7, 'VIP', 'VIP석', 174000, 1, '2026-01-01 10:00:00', '시드', 'ACTIVE');
INSERT INTO SHOW_GRADES (id, show_id, grade_code, grade_name, price, sort_order, created_at, created_by, status) VALUES (20, 7, 'R', 'R석', 129000, 2, '2026-01-01 10:00:00', '시드', 'ACTIVE');
INSERT INTO SHOW_GRADES (id, show_id, grade_code, grade_name, price, sort_order, created_at, created_by, status) VALUES (21, 7, 'S', 'S석', 94000, 3, '2026-01-01 10:00:00', '시드', 'ACTIVE');
INSERT INTO SHOW_GRADES (id, show_id, grade_code, grade_name, price, sort_order, created_at, created_by, status) VALUES (22, 8, 'VIP', 'VIP석', 178000, 1, '2026-01-01 10:00:00', '시드', 'ACTIVE');
INSERT INTO SHOW_GRADES (id, show_id, grade_code, grade_name, price, sort_order, created_at, created_by, status) VALUES (23, 8, 'R', 'R석', 133000, 2, '2026-01-01 10:00:00', '시드', 'ACTIVE');
INSERT INTO SHOW_GRADES (id, show_id, grade_code, grade_name, price, sort_order, created_at, created_by, status) VALUES (24, 8, 'S', 'S석', 98000, 3, '2026-01-01 10:00:00', '시드', 'ACTIVE');
INSERT INTO SHOW_GRADES (id, show_id, grade_code, grade_name, price, sort_order, created_at, created_by, status) VALUES (25, 9, 'VIP', 'VIP석', 182000, 1, '2026-01-01 10:00:00', '시드', 'ACTIVE');
INSERT INTO SHOW_GRADES (id, show_id, grade_code, grade_name, price, sort_order, created_at, created_by, status) VALUES (26, 9, 'R', 'R석', 137000, 2, '2026-01-01 10:00:00', '시드', 'ACTIVE');
INSERT INTO SHOW_GRADES (id, show_id, grade_code, grade_name, price, sort_order, created_at, created_by, status) VALUES (27, 9, 'S', 'S석', 102000, 3, '2026-01-01 10:00:00', '시드', 'ACTIVE');
INSERT INTO SHOW_GRADES (id, show_id, grade_code, grade_name, price, sort_order, created_at, created_by, status) VALUES (28, 10, 'VIP', 'VIP석', 186000, 1, '2026-01-01 10:00:00', '시드', 'ACTIVE');
INSERT INTO SHOW_GRADES (id, show_id, grade_code, grade_name, price, sort_order, created_at, created_by, status) VALUES (29, 10, 'R', 'R석', 141000, 2, '2026-01-01 10:00:00', '시드', 'ACTIVE');
INSERT INTO SHOW_GRADES (id, show_id, grade_code, grade_name, price, sort_order, created_at, created_by, status) VALUES (30, 10, 'S', 'S석', 106000, 3, '2026-01-01 10:00:00', '시드', 'ACTIVE');
INSERT INTO SHOW_GRADES (id, show_id, grade_code, grade_name, price, sort_order, created_at, created_by, status) VALUES (31, 11, 'VIP', 'VIP석', 190000, 1, '2026-01-01 10:00:00', '시드', 'ACTIVE');
INSERT INTO SHOW_GRADES (id, show_id, grade_code, grade_name, price, sort_order, created_at, created_by, status) VALUES (32, 11, 'R', 'R석', 145000, 2, '2026-01-01 10:00:00', '시드', 'ACTIVE');
INSERT INTO SHOW_GRADES (id, show_id, grade_code, grade_name, price, sort_order, created_at, created_by, status) VALUES (33, 11, 'S', 'S석', 110000, 3, '2026-01-01 10:00:00', '시드', 'ACTIVE');
INSERT INTO SHOW_GRADES (id, show_id, grade_code, grade_name, price, sort_order, created_at, created_by, status) VALUES (34, 12, 'VIP', 'VIP석', 170000, 1, '2026-01-01 10:00:00', '시드', 'ACTIVE');
INSERT INTO SHOW_GRADES (id, show_id, grade_code, grade_name, price, sort_order, created_at, created_by, status) VALUES (35, 12, 'R', 'R석', 125000, 2, '2026-01-01 10:00:00', '시드', 'ACTIVE');
INSERT INTO SHOW_GRADES (id, show_id, grade_code, grade_name, price, sort_order, created_at, created_by, status) VALUES (36, 12, 'S', 'S석', 90000, 3, '2026-01-01 10:00:00', '시드', 'ACTIVE');
INSERT INTO SHOW_GRADES (id, show_id, grade_code, grade_name, price, sort_order, created_at, created_by, status) VALUES (37, 13, 'VIP', 'VIP석', 174000, 1, '2026-01-01 10:00:00', '시드', 'ACTIVE');
INSERT INTO SHOW_GRADES (id, show_id, grade_code, grade_name, price, sort_order, created_at, created_by, status) VALUES (38, 13, 'R', 'R석', 129000, 2, '2026-01-01 10:00:00', '시드', 'ACTIVE');
INSERT INTO SHOW_GRADES (id, show_id, grade_code, grade_name, price, sort_order, created_at, created_by, status) VALUES (39, 13, 'S', 'S석', 94000, 3, '2026-01-01 10:00:00', '시드', 'ACTIVE');
INSERT INTO SHOW_GRADES (id, show_id, grade_code, grade_name, price, sort_order, created_at, created_by, status) VALUES (40, 14, 'VIP', 'VIP석', 178000, 1, '2026-01-01 10:00:00', '시드', 'ACTIVE');
INSERT INTO SHOW_GRADES (id, show_id, grade_code, grade_name, price, sort_order, created_at, created_by, status) VALUES (41, 14, 'R', 'R석', 133000, 2, '2026-01-01 10:00:00', '시드', 'ACTIVE');
INSERT INTO SHOW_GRADES (id, show_id, grade_code, grade_name, price, sort_order, created_at, created_by, status) VALUES (42, 14, 'S', 'S석', 98000, 3, '2026-01-01 10:00:00', '시드', 'ACTIVE');
INSERT INTO SHOW_GRADES (id, show_id, grade_code, grade_name, price, sort_order, created_at, created_by, status) VALUES (43, 15, 'VIP', 'VIP석', 182000, 1, '2026-01-01 10:00:00', '시드', 'ACTIVE');
INSERT INTO SHOW_GRADES (id, show_id, grade_code, grade_name, price, sort_order, created_at, created_by, status) VALUES (44, 15, 'R', 'R석', 137000, 2, '2026-01-01 10:00:00', '시드', 'ACTIVE');
INSERT INTO SHOW_GRADES (id, show_id, grade_code, grade_name, price, sort_order, created_at, created_by, status) VALUES (45, 15, 'S', 'S석', 102000, 3, '2026-01-01 10:00:00', '시드', 'ACTIVE');
INSERT INTO SHOW_GRADES (id, show_id, grade_code, grade_name, price, sort_order, created_at, created_by, status) VALUES (46, 16, 'VIP', 'VIP석', 186000, 1, '2026-01-01 10:00:00', '시드', 'ACTIVE');
INSERT INTO SHOW_GRADES (id, show_id, grade_code, grade_name, price, sort_order, created_at, created_by, status) VALUES (47, 16, 'R', 'R석', 141000, 2, '2026-01-01 10:00:00', '시드', 'ACTIVE');
INSERT INTO SHOW_GRADES (id, show_id, grade_code, grade_name, price, sort_order, created_at, created_by, status) VALUES (48, 16, 'S', 'S석', 106000, 3, '2026-01-01 10:00:00', '시드', 'ACTIVE');
INSERT INTO SHOW_GRADES (id, show_id, grade_code, grade_name, price, sort_order, created_at, created_by, status) VALUES (49, 17, 'VIP', 'VIP석', 190000, 1, '2026-01-01 10:00:00', '시드', 'ACTIVE');
INSERT INTO SHOW_GRADES (id, show_id, grade_code, grade_name, price, sort_order, created_at, created_by, status) VALUES (50, 17, 'R', 'R석', 145000, 2, '2026-01-01 10:00:00', '시드', 'ACTIVE');
INSERT INTO SHOW_GRADES (id, show_id, grade_code, grade_name, price, sort_order, created_at, created_by, status) VALUES (51, 17, 'S', 'S석', 110000, 3, '2026-01-01 10:00:00', '시드', 'ACTIVE');
INSERT INTO SHOW_GRADES (id, show_id, grade_code, grade_name, price, sort_order, created_at, created_by, status) VALUES (52, 18, 'VIP', 'VIP석', 170000, 1, '2026-01-01 10:00:00', '시드', 'ACTIVE');
INSERT INTO SHOW_GRADES (id, show_id, grade_code, grade_name, price, sort_order, created_at, created_by, status) VALUES (53, 18, 'R', 'R석', 125000, 2, '2026-01-01 10:00:00', '시드', 'ACTIVE');
INSERT INTO SHOW_GRADES (id, show_id, grade_code, grade_name, price, sort_order, created_at, created_by, status) VALUES (54, 18, 'S', 'S석', 90000, 3, '2026-01-01 10:00:00', '시드', 'ACTIVE');
INSERT INTO SHOW_GRADES (id, show_id, grade_code, grade_name, price, sort_order, created_at, created_by, status) VALUES (55, 19, 'VIP', 'VIP석', 174000, 1, '2026-01-01 10:00:00', '시드', 'ACTIVE');
INSERT INTO SHOW_GRADES (id, show_id, grade_code, grade_name, price, sort_order, created_at, created_by, status) VALUES (56, 19, 'R', 'R석', 129000, 2, '2026-01-01 10:00:00', '시드', 'ACTIVE');
INSERT INTO SHOW_GRADES (id, show_id, grade_code, grade_name, price, sort_order, created_at, created_by, status) VALUES (57, 19, 'S', 'S석', 94000, 3, '2026-01-01 10:00:00', '시드', 'ACTIVE');
INSERT INTO SHOW_GRADES (id, show_id, grade_code, grade_name, price, sort_order, created_at, created_by, status) VALUES (58, 20, 'VIP', 'VIP석', 178000, 1, '2026-01-01 10:00:00', '시드', 'ACTIVE');
INSERT INTO SHOW_GRADES (id, show_id, grade_code, grade_name, price, sort_order, created_at, created_by, status) VALUES (59, 20, 'R', 'R석', 133000, 2, '2026-01-01 10:00:00', '시드', 'ACTIVE');
INSERT INTO SHOW_GRADES (id, show_id, grade_code, grade_name, price, sort_order, created_at, created_by, status) VALUES (60, 20, 'S', 'S석', 98000, 3, '2026-01-01 10:00:00', '시드', 'ACTIVE');
INSERT INTO SHOW_GRADES (id, show_id, grade_code, grade_name, price, sort_order, created_at, created_by, status) VALUES (61, 21, 'VIP', 'VIP석', 182000, 1, '2026-01-01 10:00:00', '시드', 'ACTIVE');
INSERT INTO SHOW_GRADES (id, show_id, grade_code, grade_name, price, sort_order, created_at, created_by, status) VALUES (62, 21, 'R', 'R석', 137000, 2, '2026-01-01 10:00:00', '시드', 'ACTIVE');
INSERT INTO SHOW_GRADES (id, show_id, grade_code, grade_name, price, sort_order, created_at, created_by, status) VALUES (63, 21, 'S', 'S석', 102000, 3, '2026-01-01 10:00:00', '시드', 'ACTIVE');
INSERT INTO SHOW_GRADES (id, show_id, grade_code, grade_name, price, sort_order, created_at, created_by, status) VALUES (64, 22, 'VIP', 'VIP석', 186000, 1, '2026-01-01 10:00:00', '시드', 'ACTIVE');
INSERT INTO SHOW_GRADES (id, show_id, grade_code, grade_name, price, sort_order, created_at, created_by, status) VALUES (65, 22, 'R', 'R석', 141000, 2, '2026-01-01 10:00:00', '시드', 'ACTIVE');
INSERT INTO SHOW_GRADES (id, show_id, grade_code, grade_name, price, sort_order, created_at, created_by, status) VALUES (66, 22, 'S', 'S석', 106000, 3, '2026-01-01 10:00:00', '시드', 'ACTIVE');
INSERT INTO SHOW_GRADES (id, show_id, grade_code, grade_name, price, sort_order, created_at, created_by, status) VALUES (67, 23, 'VIP', 'VIP석', 190000, 1, '2026-01-01 10:00:00', '시드', 'ACTIVE');
INSERT INTO SHOW_GRADES (id, show_id, grade_code, grade_name, price, sort_order, created_at, created_by, status) VALUES (68, 23, 'R', 'R석', 145000, 2, '2026-01-01 10:00:00', '시드', 'ACTIVE');
INSERT INTO SHOW_GRADES (id, show_id, grade_code, grade_name, price, sort_order, created_at, created_by, status) VALUES (69, 23, 'S', 'S석', 110000, 3, '2026-01-01 10:00:00', '시드', 'ACTIVE');
INSERT INTO SHOW_GRADES (id, show_id, grade_code, grade_name, price, sort_order, created_at, created_by, status) VALUES (70, 24, 'VIP', 'VIP석', 170000, 1, '2026-01-01 10:00:00', '시드', 'ACTIVE');
INSERT INTO SHOW_GRADES (id, show_id, grade_code, grade_name, price, sort_order, created_at, created_by, status) VALUES (71, 24, 'R', 'R석', 125000, 2, '2026-01-01 10:00:00', '시드', 'ACTIVE');
INSERT INTO SHOW_GRADES (id, show_id, grade_code, grade_name, price, sort_order, created_at, created_by, status) VALUES (72, 24, 'S', 'S석', 90000, 3, '2026-01-01 10:00:00', '시드', 'ACTIVE');
INSERT INTO SHOW_GRADES (id, show_id, grade_code, grade_name, price, sort_order, created_at, created_by, status) VALUES (73, 25, 'VIP', 'VIP석', 174000, 1, '2026-01-01 10:00:00', '시드', 'ACTIVE');
INSERT INTO SHOW_GRADES (id, show_id, grade_code, grade_name, price, sort_order, created_at, created_by, status) VALUES (74, 25, 'R', 'R석', 129000, 2, '2026-01-01 10:00:00', '시드', 'ACTIVE');
INSERT INTO SHOW_GRADES (id, show_id, grade_code, grade_name, price, sort_order, created_at, created_by, status) VALUES (75, 25, 'S', 'S석', 94000, 3, '2026-01-01 10:00:00', '시드', 'ACTIVE');
INSERT INTO SHOW_GRADES (id, show_id, grade_code, grade_name, price, sort_order, created_at, created_by, status) VALUES (76, 26, 'VIP', 'VIP석', 178000, 1, '2026-01-01 10:00:00', '시드', 'ACTIVE');
INSERT INTO SHOW_GRADES (id, show_id, grade_code, grade_name, price, sort_order, created_at, created_by, status) VALUES (77, 26, 'R', 'R석', 133000, 2, '2026-01-01 10:00:00', '시드', 'ACTIVE');
INSERT INTO SHOW_GRADES (id, show_id, grade_code, grade_name, price, sort_order, created_at, created_by, status) VALUES (78, 26, 'S', 'S석', 98000, 3, '2026-01-01 10:00:00', '시드', 'ACTIVE');
INSERT INTO SHOW_GRADES (id, show_id, grade_code, grade_name, price, sort_order, created_at, created_by, status) VALUES (79, 27, 'VIP', 'VIP석', 182000, 1, '2026-01-01 10:00:00', '시드', 'ACTIVE');
INSERT INTO SHOW_GRADES (id, show_id, grade_code, grade_name, price, sort_order, created_at, created_by, status) VALUES (80, 27, 'R', 'R석', 137000, 2, '2026-01-01 10:00:00', '시드', 'ACTIVE');
INSERT INTO SHOW_GRADES (id, show_id, grade_code, grade_name, price, sort_order, created_at, created_by, status) VALUES (81, 27, 'S', 'S석', 102000, 3, '2026-01-01 10:00:00', '시드', 'ACTIVE');
INSERT INTO SHOW_GRADES (id, show_id, grade_code, grade_name, price, sort_order, created_at, created_by, status) VALUES (82, 28, 'VIP', 'VIP석', 186000, 1, '2026-01-01 10:00:00', '시드', 'ACTIVE');
INSERT INTO SHOW_GRADES (id, show_id, grade_code, grade_name, price, sort_order, created_at, created_by, status) VALUES (83, 28, 'R', 'R석', 141000, 2, '2026-01-01 10:00:00', '시드', 'ACTIVE');
INSERT INTO SHOW_GRADES (id, show_id, grade_code, grade_name, price, sort_order, created_at, created_by, status) VALUES (84, 28, 'S', 'S석', 106000, 3, '2026-01-01 10:00:00', '시드', 'ACTIVE');
INSERT INTO SHOW_GRADES (id, show_id, grade_code, grade_name, price, sort_order, created_at, created_by, status) VALUES (85, 29, 'VIP', 'VIP석', 190000, 1, '2026-01-01 10:00:00', '시드', 'ACTIVE');
INSERT INTO SHOW_GRADES (id, show_id, grade_code, grade_name, price, sort_order, created_at, created_by, status) VALUES (86, 29, 'R', 'R석', 145000, 2, '2026-01-01 10:00:00', '시드', 'ACTIVE');
INSERT INTO SHOW_GRADES (id, show_id, grade_code, grade_name, price, sort_order, created_at, created_by, status) VALUES (87, 29, 'S', 'S석', 110000, 3, '2026-01-01 10:00:00', '시드', 'ACTIVE');
INSERT INTO SHOW_GRADES (id, show_id, grade_code, grade_name, price, sort_order, created_at, created_by, status) VALUES (88, 30, 'VIP', 'VIP석', 170000, 1, '2026-01-01 10:00:00', '시드', 'ACTIVE');
INSERT INTO SHOW_GRADES (id, show_id, grade_code, grade_name, price, sort_order, created_at, created_by, status) VALUES (89, 30, 'R', 'R석', 125000, 2, '2026-01-01 10:00:00', '시드', 'ACTIVE');
INSERT INTO SHOW_GRADES (id, show_id, grade_code, grade_name, price, sort_order, created_at, created_by, status) VALUES (90, 30, 'S', 'S석', 90000, 3, '2026-01-01 10:00:00', '시드', 'ACTIVE');
INSERT INTO SHOW_GRADES (id, show_id, grade_code, grade_name, price, sort_order, created_at, created_by, status) VALUES (91, 31, 'R', 'R석', 114000, 1, '2026-01-01 10:00:00', '시드', 'ACTIVE');
INSERT INTO SHOW_GRADES (id, show_id, grade_code, grade_name, price, sort_order, created_at, created_by, status) VALUES (92, 31, 'S', 'S석', 84000, 2, '2026-01-01 10:00:00', '시드', 'ACTIVE');
INSERT INTO SHOW_GRADES (id, show_id, grade_code, grade_name, price, sort_order, created_at, created_by, status) VALUES (93, 31, 'A', 'A석', 64000, 3, '2026-01-01 10:00:00', '시드', 'ACTIVE');
INSERT INTO SHOW_GRADES (id, show_id, grade_code, grade_name, price, sort_order, created_at, created_by, status) VALUES (94, 32, 'R', 'R석', 118000, 1, '2026-01-01 10:00:00', '시드', 'ACTIVE');
INSERT INTO SHOW_GRADES (id, show_id, grade_code, grade_name, price, sort_order, created_at, created_by, status) VALUES (95, 32, 'S', 'S석', 88000, 2, '2026-01-01 10:00:00', '시드', 'ACTIVE');
INSERT INTO SHOW_GRADES (id, show_id, grade_code, grade_name, price, sort_order, created_at, created_by, status) VALUES (96, 32, 'A', 'A석', 68000, 3, '2026-01-01 10:00:00', '시드', 'ACTIVE');
INSERT INTO SHOW_GRADES (id, show_id, grade_code, grade_name, price, sort_order, created_at, created_by, status) VALUES (97, 33, 'R', 'R석', 122000, 1, '2026-01-01 10:00:00', '시드', 'ACTIVE');
INSERT INTO SHOW_GRADES (id, show_id, grade_code, grade_name, price, sort_order, created_at, created_by, status) VALUES (98, 33, 'S', 'S석', 92000, 2, '2026-01-01 10:00:00', '시드', 'ACTIVE');
INSERT INTO SHOW_GRADES (id, show_id, grade_code, grade_name, price, sort_order, created_at, created_by, status) VALUES (99, 33, 'A', 'A석', 72000, 3, '2026-01-01 10:00:00', '시드', 'ACTIVE');
INSERT INTO SHOW_GRADES (id, show_id, grade_code, grade_name, price, sort_order, created_at, created_by, status) VALUES (100, 34, 'R', 'R석', 126000, 1, '2026-01-01 10:00:00', '시드', 'ACTIVE');
INSERT INTO SHOW_GRADES (id, show_id, grade_code, grade_name, price, sort_order, created_at, created_by, status) VALUES (101, 34, 'S', 'S석', 96000, 2, '2026-01-01 10:00:00', '시드', 'ACTIVE');
INSERT INTO SHOW_GRADES (id, show_id, grade_code, grade_name, price, sort_order, created_at, created_by, status) VALUES (102, 34, 'A', 'A석', 76000, 3, '2026-01-01 10:00:00', '시드', 'ACTIVE');
INSERT INTO SHOW_GRADES (id, show_id, grade_code, grade_name, price, sort_order, created_at, created_by, status) VALUES (103, 35, 'R', 'R석', 110000, 1, '2026-01-01 10:00:00', '시드', 'ACTIVE');
INSERT INTO SHOW_GRADES (id, show_id, grade_code, grade_name, price, sort_order, created_at, created_by, status) VALUES (104, 35, 'S', 'S석', 80000, 2, '2026-01-01 10:00:00', '시드', 'ACTIVE');
INSERT INTO SHOW_GRADES (id, show_id, grade_code, grade_name, price, sort_order, created_at, created_by, status) VALUES (105, 35, 'A', 'A석', 60000, 3, '2026-01-01 10:00:00', '시드', 'ACTIVE');
INSERT INTO SHOW_GRADES (id, show_id, grade_code, grade_name, price, sort_order, created_at, created_by, status) VALUES (106, 36, 'R', 'R석', 114000, 1, '2026-01-01 10:00:00', '시드', 'ACTIVE');
INSERT INTO SHOW_GRADES (id, show_id, grade_code, grade_name, price, sort_order, created_at, created_by, status) VALUES (107, 36, 'S', 'S석', 84000, 2, '2026-01-01 10:00:00', '시드', 'ACTIVE');
INSERT INTO SHOW_GRADES (id, show_id, grade_code, grade_name, price, sort_order, created_at, created_by, status) VALUES (108, 36, 'A', 'A석', 64000, 3, '2026-01-01 10:00:00', '시드', 'ACTIVE');
INSERT INTO SHOW_GRADES (id, show_id, grade_code, grade_name, price, sort_order, created_at, created_by, status) VALUES (109, 37, 'R', 'R석', 118000, 1, '2026-01-01 10:00:00', '시드', 'ACTIVE');
INSERT INTO SHOW_GRADES (id, show_id, grade_code, grade_name, price, sort_order, created_at, created_by, status) VALUES (110, 37, 'S', 'S석', 88000, 2, '2026-01-01 10:00:00', '시드', 'ACTIVE');
INSERT INTO SHOW_GRADES (id, show_id, grade_code, grade_name, price, sort_order, created_at, created_by, status) VALUES (111, 37, 'A', 'A석', 68000, 3, '2026-01-01 10:00:00', '시드', 'ACTIVE');
INSERT INTO SHOW_GRADES (id, show_id, grade_code, grade_name, price, sort_order, created_at, created_by, status) VALUES (112, 38, 'R', 'R석', 122000, 1, '2026-01-01 10:00:00', '시드', 'ACTIVE');
INSERT INTO SHOW_GRADES (id, show_id, grade_code, grade_name, price, sort_order, created_at, created_by, status) VALUES (113, 38, 'S', 'S석', 92000, 2, '2026-01-01 10:00:00', '시드', 'ACTIVE');
INSERT INTO SHOW_GRADES (id, show_id, grade_code, grade_name, price, sort_order, created_at, created_by, status) VALUES (114, 38, 'A', 'A석', 72000, 3, '2026-01-01 10:00:00', '시드', 'ACTIVE');
INSERT INTO SHOW_GRADES (id, show_id, grade_code, grade_name, price, sort_order, created_at, created_by, status) VALUES (115, 39, 'R', 'R석', 126000, 1, '2026-01-01 10:00:00', '시드', 'ACTIVE');
INSERT INTO SHOW_GRADES (id, show_id, grade_code, grade_name, price, sort_order, created_at, created_by, status) VALUES (116, 39, 'S', 'S석', 96000, 2, '2026-01-01 10:00:00', '시드', 'ACTIVE');
INSERT INTO SHOW_GRADES (id, show_id, grade_code, grade_name, price, sort_order, created_at, created_by, status) VALUES (117, 39, 'A', 'A석', 76000, 3, '2026-01-01 10:00:00', '시드', 'ACTIVE');
INSERT INTO SHOW_GRADES (id, show_id, grade_code, grade_name, price, sort_order, created_at, created_by, status) VALUES (118, 40, 'R', 'R석', 110000, 1, '2026-01-01 10:00:00', '시드', 'ACTIVE');
INSERT INTO SHOW_GRADES (id, show_id, grade_code, grade_name, price, sort_order, created_at, created_by, status) VALUES (119, 40, 'S', 'S석', 80000, 2, '2026-01-01 10:00:00', '시드', 'ACTIVE');
INSERT INTO SHOW_GRADES (id, show_id, grade_code, grade_name, price, sort_order, created_at, created_by, status) VALUES (120, 40, 'A', 'A석', 60000, 3, '2026-01-01 10:00:00', '시드', 'ACTIVE');
INSERT INTO SHOW_GRADES (id, show_id, grade_code, grade_name, price, sort_order, created_at, created_by, status) VALUES (121, 41, 'R', 'R석', 114000, 1, '2026-01-01 10:00:00', '시드', 'ACTIVE');
INSERT INTO SHOW_GRADES (id, show_id, grade_code, grade_name, price, sort_order, created_at, created_by, status) VALUES (122, 41, 'S', 'S석', 84000, 2, '2026-01-01 10:00:00', '시드', 'ACTIVE');
INSERT INTO SHOW_GRADES (id, show_id, grade_code, grade_name, price, sort_order, created_at, created_by, status) VALUES (123, 41, 'A', 'A석', 64000, 3, '2026-01-01 10:00:00', '시드', 'ACTIVE');
INSERT INTO SHOW_GRADES (id, show_id, grade_code, grade_name, price, sort_order, created_at, created_by, status) VALUES (124, 42, 'R', 'R석', 118000, 1, '2026-01-01 10:00:00', '시드', 'ACTIVE');
INSERT INTO SHOW_GRADES (id, show_id, grade_code, grade_name, price, sort_order, created_at, created_by, status) VALUES (125, 42, 'S', 'S석', 88000, 2, '2026-01-01 10:00:00', '시드', 'ACTIVE');
INSERT INTO SHOW_GRADES (id, show_id, grade_code, grade_name, price, sort_order, created_at, created_by, status) VALUES (126, 42, 'A', 'A석', 68000, 3, '2026-01-01 10:00:00', '시드', 'ACTIVE');
INSERT INTO SHOW_GRADES (id, show_id, grade_code, grade_name, price, sort_order, created_at, created_by, status) VALUES (127, 43, 'R', 'R석', 122000, 1, '2026-01-01 10:00:00', '시드', 'ACTIVE');
INSERT INTO SHOW_GRADES (id, show_id, grade_code, grade_name, price, sort_order, created_at, created_by, status) VALUES (128, 43, 'S', 'S석', 92000, 2, '2026-01-01 10:00:00', '시드', 'ACTIVE');
INSERT INTO SHOW_GRADES (id, show_id, grade_code, grade_name, price, sort_order, created_at, created_by, status) VALUES (129, 43, 'A', 'A석', 72000, 3, '2026-01-01 10:00:00', '시드', 'ACTIVE');
INSERT INTO SHOW_GRADES (id, show_id, grade_code, grade_name, price, sort_order, created_at, created_by, status) VALUES (130, 44, 'R', 'R석', 126000, 1, '2026-01-01 10:00:00', '시드', 'ACTIVE');
INSERT INTO SHOW_GRADES (id, show_id, grade_code, grade_name, price, sort_order, created_at, created_by, status) VALUES (131, 44, 'S', 'S석', 96000, 2, '2026-01-01 10:00:00', '시드', 'ACTIVE');
INSERT INTO SHOW_GRADES (id, show_id, grade_code, grade_name, price, sort_order, created_at, created_by, status) VALUES (132, 44, 'A', 'A석', 76000, 3, '2026-01-01 10:00:00', '시드', 'ACTIVE');
INSERT INTO SHOW_GRADES (id, show_id, grade_code, grade_name, price, sort_order, created_at, created_by, status) VALUES (133, 45, 'R', 'R석', 110000, 1, '2026-01-01 10:00:00', '시드', 'ACTIVE');
INSERT INTO SHOW_GRADES (id, show_id, grade_code, grade_name, price, sort_order, created_at, created_by, status) VALUES (134, 45, 'S', 'S석', 80000, 2, '2026-01-01 10:00:00', '시드', 'ACTIVE');
INSERT INTO SHOW_GRADES (id, show_id, grade_code, grade_name, price, sort_order, created_at, created_by, status) VALUES (135, 45, 'A', 'A석', 60000, 3, '2026-01-01 10:00:00', '시드', 'ACTIVE');
INSERT INTO SHOW_GRADES (id, show_id, grade_code, grade_name, price, sort_order, created_at, created_by, status) VALUES (136, 46, 'R', 'R석', 114000, 1, '2026-01-01 10:00:00', '시드', 'ACTIVE');
INSERT INTO SHOW_GRADES (id, show_id, grade_code, grade_name, price, sort_order, created_at, created_by, status) VALUES (137, 46, 'S', 'S석', 84000, 2, '2026-01-01 10:00:00', '시드', 'ACTIVE');
INSERT INTO SHOW_GRADES (id, show_id, grade_code, grade_name, price, sort_order, created_at, created_by, status) VALUES (138, 46, 'A', 'A석', 64000, 3, '2026-01-01 10:00:00', '시드', 'ACTIVE');
INSERT INTO SHOW_GRADES (id, show_id, grade_code, grade_name, price, sort_order, created_at, created_by, status) VALUES (139, 47, 'R', 'R석', 118000, 1, '2026-01-01 10:00:00', '시드', 'ACTIVE');
INSERT INTO SHOW_GRADES (id, show_id, grade_code, grade_name, price, sort_order, created_at, created_by, status) VALUES (140, 47, 'S', 'S석', 88000, 2, '2026-01-01 10:00:00', '시드', 'ACTIVE');
INSERT INTO SHOW_GRADES (id, show_id, grade_code, grade_name, price, sort_order, created_at, created_by, status) VALUES (141, 47, 'A', 'A석', 68000, 3, '2026-01-01 10:00:00', '시드', 'ACTIVE');
INSERT INTO SHOW_GRADES (id, show_id, grade_code, grade_name, price, sort_order, created_at, created_by, status) VALUES (142, 48, 'R', 'R석', 122000, 1, '2026-01-01 10:00:00', '시드', 'ACTIVE');
INSERT INTO SHOW_GRADES (id, show_id, grade_code, grade_name, price, sort_order, created_at, created_by, status) VALUES (143, 48, 'S', 'S석', 92000, 2, '2026-01-01 10:00:00', '시드', 'ACTIVE');
INSERT INTO SHOW_GRADES (id, show_id, grade_code, grade_name, price, sort_order, created_at, created_by, status) VALUES (144, 48, 'A', 'A석', 72000, 3, '2026-01-01 10:00:00', '시드', 'ACTIVE');
INSERT INTO SHOW_GRADES (id, show_id, grade_code, grade_name, price, sort_order, created_at, created_by, status) VALUES (145, 49, 'R', 'R석', 126000, 1, '2026-01-01 10:00:00', '시드', 'ACTIVE');
INSERT INTO SHOW_GRADES (id, show_id, grade_code, grade_name, price, sort_order, created_at, created_by, status) VALUES (146, 49, 'S', 'S석', 96000, 2, '2026-01-01 10:00:00', '시드', 'ACTIVE');
INSERT INTO SHOW_GRADES (id, show_id, grade_code, grade_name, price, sort_order, created_at, created_by, status) VALUES (147, 49, 'A', 'A석', 76000, 3, '2026-01-01 10:00:00', '시드', 'ACTIVE');
INSERT INTO SHOW_GRADES (id, show_id, grade_code, grade_name, price, sort_order, created_at, created_by, status) VALUES (148, 50, 'R', 'R석', 110000, 1, '2026-01-01 10:00:00', '시드', 'ACTIVE');
INSERT INTO SHOW_GRADES (id, show_id, grade_code, grade_name, price, sort_order, created_at, created_by, status) VALUES (149, 50, 'S', 'S석', 80000, 2, '2026-01-01 10:00:00', '시드', 'ACTIVE');
INSERT INTO SHOW_GRADES (id, show_id, grade_code, grade_name, price, sort_order, created_at, created_by, status) VALUES (150, 50, 'A', 'A석', 60000, 3, '2026-01-01 10:00:00', '시드', 'ACTIVE');
INSERT INTO SHOW_GRADES (id, show_id, grade_code, grade_name, price, sort_order, created_at, created_by, status) VALUES (151, 51, 'R', 'R석', 114000, 1, '2026-01-01 10:00:00', '시드', 'ACTIVE');
INSERT INTO SHOW_GRADES (id, show_id, grade_code, grade_name, price, sort_order, created_at, created_by, status) VALUES (152, 51, 'S', 'S석', 84000, 2, '2026-01-01 10:00:00', '시드', 'ACTIVE');
INSERT INTO SHOW_GRADES (id, show_id, grade_code, grade_name, price, sort_order, created_at, created_by, status) VALUES (153, 51, 'A', 'A석', 64000, 3, '2026-01-01 10:00:00', '시드', 'ACTIVE');
INSERT INTO SHOW_GRADES (id, show_id, grade_code, grade_name, price, sort_order, created_at, created_by, status) VALUES (154, 52, 'R', 'R석', 118000, 1, '2026-01-01 10:00:00', '시드', 'ACTIVE');
INSERT INTO SHOW_GRADES (id, show_id, grade_code, grade_name, price, sort_order, created_at, created_by, status) VALUES (155, 52, 'S', 'S석', 88000, 2, '2026-01-01 10:00:00', '시드', 'ACTIVE');
INSERT INTO SHOW_GRADES (id, show_id, grade_code, grade_name, price, sort_order, created_at, created_by, status) VALUES (156, 52, 'A', 'A석', 68000, 3, '2026-01-01 10:00:00', '시드', 'ACTIVE');
INSERT INTO SHOW_GRADES (id, show_id, grade_code, grade_name, price, sort_order, created_at, created_by, status) VALUES (157, 53, 'R', 'R석', 122000, 1, '2026-01-01 10:00:00', '시드', 'ACTIVE');
INSERT INTO SHOW_GRADES (id, show_id, grade_code, grade_name, price, sort_order, created_at, created_by, status) VALUES (158, 53, 'S', 'S석', 92000, 2, '2026-01-01 10:00:00', '시드', 'ACTIVE');
INSERT INTO SHOW_GRADES (id, show_id, grade_code, grade_name, price, sort_order, created_at, created_by, status) VALUES (159, 53, 'A', 'A석', 72000, 3, '2026-01-01 10:00:00', '시드', 'ACTIVE');
INSERT INTO SHOW_GRADES (id, show_id, grade_code, grade_name, price, sort_order, created_at, created_by, status) VALUES (160, 54, 'R', 'R석', 126000, 1, '2026-01-01 10:00:00', '시드', 'ACTIVE');
INSERT INTO SHOW_GRADES (id, show_id, grade_code, grade_name, price, sort_order, created_at, created_by, status) VALUES (161, 54, 'S', 'S석', 96000, 2, '2026-01-01 10:00:00', '시드', 'ACTIVE');
INSERT INTO SHOW_GRADES (id, show_id, grade_code, grade_name, price, sort_order, created_at, created_by, status) VALUES (162, 54, 'A', 'A석', 76000, 3, '2026-01-01 10:00:00', '시드', 'ACTIVE');
INSERT INTO SHOW_GRADES (id, show_id, grade_code, grade_name, price, sort_order, created_at, created_by, status) VALUES (163, 55, 'R', 'R석', 110000, 1, '2026-01-01 10:00:00', '시드', 'ACTIVE');
INSERT INTO SHOW_GRADES (id, show_id, grade_code, grade_name, price, sort_order, created_at, created_by, status) VALUES (164, 55, 'S', 'S석', 80000, 2, '2026-01-01 10:00:00', '시드', 'ACTIVE');
INSERT INTO SHOW_GRADES (id, show_id, grade_code, grade_name, price, sort_order, created_at, created_by, status) VALUES (165, 55, 'A', 'A석', 60000, 3, '2026-01-01 10:00:00', '시드', 'ACTIVE');
INSERT INTO SHOW_GRADES (id, show_id, grade_code, grade_name, price, sort_order, created_at, created_by, status) VALUES (166, 56, 'R', 'R석', 114000, 1, '2026-01-01 10:00:00', '시드', 'ACTIVE');
INSERT INTO SHOW_GRADES (id, show_id, grade_code, grade_name, price, sort_order, created_at, created_by, status) VALUES (167, 56, 'S', 'S석', 84000, 2, '2026-01-01 10:00:00', '시드', 'ACTIVE');
INSERT INTO SHOW_GRADES (id, show_id, grade_code, grade_name, price, sort_order, created_at, created_by, status) VALUES (168, 56, 'A', 'A석', 64000, 3, '2026-01-01 10:00:00', '시드', 'ACTIVE');
INSERT INTO SHOW_GRADES (id, show_id, grade_code, grade_name, price, sort_order, created_at, created_by, status) VALUES (169, 57, 'R', 'R석', 118000, 1, '2026-01-01 10:00:00', '시드', 'ACTIVE');
INSERT INTO SHOW_GRADES (id, show_id, grade_code, grade_name, price, sort_order, created_at, created_by, status) VALUES (170, 57, 'S', 'S석', 88000, 2, '2026-01-01 10:00:00', '시드', 'ACTIVE');
INSERT INTO SHOW_GRADES (id, show_id, grade_code, grade_name, price, sort_order, created_at, created_by, status) VALUES (171, 57, 'A', 'A석', 68000, 3, '2026-01-01 10:00:00', '시드', 'ACTIVE');
INSERT INTO SHOW_GRADES (id, show_id, grade_code, grade_name, price, sort_order, created_at, created_by, status) VALUES (172, 58, 'R', 'R석', 122000, 1, '2026-01-01 10:00:00', '시드', 'ACTIVE');
INSERT INTO SHOW_GRADES (id, show_id, grade_code, grade_name, price, sort_order, created_at, created_by, status) VALUES (173, 58, 'S', 'S석', 92000, 2, '2026-01-01 10:00:00', '시드', 'ACTIVE');
INSERT INTO SHOW_GRADES (id, show_id, grade_code, grade_name, price, sort_order, created_at, created_by, status) VALUES (174, 58, 'A', 'A석', 72000, 3, '2026-01-01 10:00:00', '시드', 'ACTIVE');
INSERT INTO SHOW_GRADES (id, show_id, grade_code, grade_name, price, sort_order, created_at, created_by, status) VALUES (175, 59, 'R', 'R석', 126000, 1, '2026-01-01 10:00:00', '시드', 'ACTIVE');
INSERT INTO SHOW_GRADES (id, show_id, grade_code, grade_name, price, sort_order, created_at, created_by, status) VALUES (176, 59, 'S', 'S석', 96000, 2, '2026-01-01 10:00:00', '시드', 'ACTIVE');
INSERT INTO SHOW_GRADES (id, show_id, grade_code, grade_name, price, sort_order, created_at, created_by, status) VALUES (177, 59, 'A', 'A석', 76000, 3, '2026-01-01 10:00:00', '시드', 'ACTIVE');
INSERT INTO SHOW_GRADES (id, show_id, grade_code, grade_name, price, sort_order, created_at, created_by, status) VALUES (178, 60, 'R', 'R석', 110000, 1, '2026-01-01 10:00:00', '시드', 'ACTIVE');
INSERT INTO SHOW_GRADES (id, show_id, grade_code, grade_name, price, sort_order, created_at, created_by, status) VALUES (179, 60, 'S', 'S석', 80000, 2, '2026-01-01 10:00:00', '시드', 'ACTIVE');
INSERT INTO SHOW_GRADES (id, show_id, grade_code, grade_name, price, sort_order, created_at, created_by, status) VALUES (180, 60, 'A', 'A석', 60000, 3, '2026-01-01 10:00:00', '시드', 'ACTIVE');

-- 회차 (공연당 2회차)
INSERT INTO PERFORMANCES (id, show_id, round_no, start_time, end_time, order_open_time, order_close_time, state, max_can_hold_count, hold_time, created_at, created_by, status) VALUES (1, 1, 1, '2026-03-01 19:00:00', '2026-03-01 21:18:00', '2025-12-20 10:00:00', '2026-03-01 18:00:00', 'OPEN', 4, 300, '2026-01-01 10:00:00', '시드', 'ACTIVE');
INSERT INTO PERFORMANCES (id, show_id, round_no, start_time, end_time, order_open_time, order_close_time, state, max_can_hold_count, hold_time, created_at, created_by, status) VALUES (2, 1, 2, '2026-03-02 19:00:00', '2026-03-02 21:18:00', '2025-12-20 10:00:00', '2026-03-02 18:00:00', 'OPEN', 4, 300, '2026-01-01 10:00:00', '시드', 'ACTIVE');
INSERT INTO PERFORMANCES (id, show_id, round_no, start_time, end_time, order_open_time, order_close_time, state, max_can_hold_count, hold_time, created_at, created_by, status) VALUES (3, 2, 1, '2026-03-03 19:00:00', '2026-03-03 21:26:00', '2025-12-22 10:00:00', '2026-03-03 18:00:00', 'OPEN', 4, 300, '2026-01-01 10:00:00', '시드', 'ACTIVE');
INSERT INTO PERFORMANCES (id, show_id, round_no, start_time, end_time, order_open_time, order_close_time, state, max_can_hold_count, hold_time, created_at, created_by, status) VALUES (4, 2, 2, '2026-03-04 19:00:00', '2026-03-04 21:26:00', '2025-12-22 10:00:00', '2026-03-04 18:00:00', 'OPEN', 4, 300, '2026-01-01 10:00:00', '시드', 'ACTIVE');
INSERT INTO PERFORMANCES (id, show_id, round_no, start_time, end_time, order_open_time, order_close_time, state, max_can_hold_count, hold_time, created_at, created_by, status) VALUES (5, 3, 1, '2026-03-05 19:00:00', '2026-03-05 21:34:00', '2025-12-24 10:00:00', '2026-03-05 18:00:00', 'OPEN', 4, 300, '2026-01-01 10:00:00', '시드', 'ACTIVE');
INSERT INTO PERFORMANCES (id, show_id, round_no, start_time, end_time, order_open_time, order_close_time, state, max_can_hold_count, hold_time, created_at, created_by, status) VALUES (6, 3, 2, '2026-03-06 19:00:00', '2026-03-06 21:34:00', '2025-12-24 10:00:00', '2026-03-06 18:00:00', 'OPEN', 4, 300, '2026-01-01 10:00:00', '시드', 'ACTIVE');
INSERT INTO PERFORMANCES (id, show_id, round_no, start_time, end_time, order_open_time, order_close_time, state, max_can_hold_count, hold_time, created_at, created_by, status) VALUES (7, 4, 1, '2026-03-07 19:00:00', '2026-03-07 21:42:00', '2025-12-26 10:00:00', '2026-03-07 18:00:00', 'OPEN', 4, 300, '2026-01-01 10:00:00', '시드', 'ACTIVE');
INSERT INTO PERFORMANCES (id, show_id, round_no, start_time, end_time, order_open_time, order_close_time, state, max_can_hold_count, hold_time, created_at, created_by, status) VALUES (8, 4, 2, '2026-03-08 19:00:00', '2026-03-08 21:42:00', '2025-12-26 10:00:00', '2026-03-08 18:00:00', 'OPEN', 4, 300, '2026-01-01 10:00:00', '시드', 'ACTIVE');
INSERT INTO PERFORMANCES (id, show_id, round_no, start_time, end_time, order_open_time, order_close_time, state, max_can_hold_count, hold_time, created_at, created_by, status) VALUES (9, 5, 1, '2026-03-09 19:00:00', '2026-03-09 21:10:00', '2025-12-28 10:00:00', '2026-03-09 18:00:00', 'OPEN', 4, 300, '2026-01-01 10:00:00', '시드', 'ACTIVE');
INSERT INTO PERFORMANCES (id, show_id, round_no, start_time, end_time, order_open_time, order_close_time, state, max_can_hold_count, hold_time, created_at, created_by, status) VALUES (10, 5, 2, '2026-03-10 19:00:00', '2026-03-10 21:10:00', '2025-12-28 10:00:00', '2026-03-10 18:00:00', 'OPEN', 4, 300, '2026-01-01 10:00:00', '시드', 'ACTIVE');
INSERT INTO PERFORMANCES (id, show_id, round_no, start_time, end_time, order_open_time, order_close_time, state, max_can_hold_count, hold_time, created_at, created_by, status) VALUES (11, 6, 1, '2026-03-11 19:00:00', '2026-03-11 21:18:00', '2025-12-30 10:00:00', '2026-03-11 18:00:00', 'OPEN', 4, 300, '2026-01-01 10:00:00', '시드', 'ACTIVE');
INSERT INTO PERFORMANCES (id, show_id, round_no, start_time, end_time, order_open_time, order_close_time, state, max_can_hold_count, hold_time, created_at, created_by, status) VALUES (12, 6, 2, '2026-03-12 19:00:00', '2026-03-12 21:18:00', '2025-12-30 10:00:00', '2026-03-12 18:00:00', 'OPEN', 4, 300, '2026-01-01 10:00:00', '시드', 'ACTIVE');
INSERT INTO PERFORMANCES (id, show_id, round_no, start_time, end_time, order_open_time, order_close_time, state, max_can_hold_count, hold_time, created_at, created_by, status) VALUES (13, 7, 1, '2026-03-13 19:00:00', '2026-03-13 21:26:00', '2026-01-01 10:00:00', '2026-03-13 18:00:00', 'OPEN', 4, 300, '2026-01-01 10:00:00', '시드', 'ACTIVE');
INSERT INTO PERFORMANCES (id, show_id, round_no, start_time, end_time, order_open_time, order_close_time, state, max_can_hold_count, hold_time, created_at, created_by, status) VALUES (14, 7, 2, '2026-03-14 19:00:00', '2026-03-14 21:26:00', '2026-01-01 10:00:00', '2026-03-14 18:00:00', 'OPEN', 4, 300, '2026-01-01 10:00:00', '시드', 'ACTIVE');
INSERT INTO PERFORMANCES (id, show_id, round_no, start_time, end_time, order_open_time, order_close_time, state, max_can_hold_count, hold_time, created_at, created_by, status) VALUES (15, 8, 1, '2026-03-15 19:00:00', '2026-03-15 21:34:00', '2026-01-03 10:00:00', '2026-03-15 18:00:00', 'OPEN', 4, 300, '2026-01-01 10:00:00', '시드', 'ACTIVE');
INSERT INTO PERFORMANCES (id, show_id, round_no, start_time, end_time, order_open_time, order_close_time, state, max_can_hold_count, hold_time, created_at, created_by, status) VALUES (16, 8, 2, '2026-03-16 19:00:00', '2026-03-16 21:34:00', '2026-01-03 10:00:00', '2026-03-16 18:00:00', 'OPEN', 4, 300, '2026-01-01 10:00:00', '시드', 'ACTIVE');
INSERT INTO PERFORMANCES (id, show_id, round_no, start_time, end_time, order_open_time, order_close_time, state, max_can_hold_count, hold_time, created_at, created_by, status) VALUES (17, 9, 1, '2026-03-17 19:00:00', '2026-03-17 21:42:00', '2026-01-05 10:00:00', '2026-03-17 18:00:00', 'OPEN', 4, 300, '2026-01-01 10:00:00', '시드', 'ACTIVE');
INSERT INTO PERFORMANCES (id, show_id, round_no, start_time, end_time, order_open_time, order_close_time, state, max_can_hold_count, hold_time, created_at, created_by, status) VALUES (18, 9, 2, '2026-03-18 19:00:00', '2026-03-18 21:42:00', '2026-01-05 10:00:00', '2026-03-18 18:00:00', 'OPEN', 4, 300, '2026-01-01 10:00:00', '시드', 'ACTIVE');
INSERT INTO PERFORMANCES (id, show_id, round_no, start_time, end_time, order_open_time, order_close_time, state, max_can_hold_count, hold_time, created_at, created_by, status) VALUES (19, 10, 1, '2026-03-19 19:00:00', '2026-03-19 21:10:00', '2026-01-07 10:00:00', '2026-03-19 18:00:00', 'OPEN', 4, 300, '2026-01-01 10:00:00', '시드', 'ACTIVE');
INSERT INTO PERFORMANCES (id, show_id, round_no, start_time, end_time, order_open_time, order_close_time, state, max_can_hold_count, hold_time, created_at, created_by, status) VALUES (20, 10, 2, '2026-03-20 19:00:00', '2026-03-20 21:10:00', '2026-01-07 10:00:00', '2026-03-20 18:00:00', 'OPEN', 4, 300, '2026-01-01 10:00:00', '시드', 'ACTIVE');
INSERT INTO PERFORMANCES (id, show_id, round_no, start_time, end_time, order_open_time, order_close_time, state, max_can_hold_count, hold_time, created_at, created_by, status) VALUES (21, 11, 1, '2026-05-01 19:00:00', '2026-05-01 21:18:00', '2026-03-05 10:00:00', '2026-05-01 18:00:00', 'OPEN', 4, 300, '2026-01-01 10:00:00', '시드', 'ACTIVE');
INSERT INTO PERFORMANCES (id, show_id, round_no, start_time, end_time, order_open_time, order_close_time, state, max_can_hold_count, hold_time, created_at, created_by, status) VALUES (22, 11, 2, '2026-05-02 19:00:00', '2026-05-02 21:18:00', '2026-03-05 10:00:00', '2026-05-02 18:00:00', 'OPEN', 4, 300, '2026-01-01 10:00:00', '시드', 'ACTIVE');
INSERT INTO PERFORMANCES (id, show_id, round_no, start_time, end_time, order_open_time, order_close_time, state, max_can_hold_count, hold_time, created_at, created_by, status) VALUES (23, 12, 1, '2026-05-04 19:00:00', '2026-05-04 21:26:00', '2026-03-07 10:00:00', '2026-05-04 18:00:00', 'OPEN', 4, 300, '2026-01-01 10:00:00', '시드', 'ACTIVE');
INSERT INTO PERFORMANCES (id, show_id, round_no, start_time, end_time, order_open_time, order_close_time, state, max_can_hold_count, hold_time, created_at, created_by, status) VALUES (24, 12, 2, '2026-05-05 19:00:00', '2026-05-05 21:26:00', '2026-03-07 10:00:00', '2026-05-05 18:00:00', 'OPEN', 4, 300, '2026-01-01 10:00:00', '시드', 'ACTIVE');
INSERT INTO PERFORMANCES (id, show_id, round_no, start_time, end_time, order_open_time, order_close_time, state, max_can_hold_count, hold_time, created_at, created_by, status) VALUES (25, 13, 1, '2026-05-07 19:00:00', '2026-05-07 21:34:00', '2026-03-09 10:00:00', '2026-05-07 18:00:00', 'OPEN', 4, 300, '2026-01-01 10:00:00', '시드', 'ACTIVE');
INSERT INTO PERFORMANCES (id, show_id, round_no, start_time, end_time, order_open_time, order_close_time, state, max_can_hold_count, hold_time, created_at, created_by, status) VALUES (26, 13, 2, '2026-05-08 19:00:00', '2026-05-08 21:34:00', '2026-03-09 10:00:00', '2026-05-08 18:00:00', 'OPEN', 4, 300, '2026-01-01 10:00:00', '시드', 'ACTIVE');
INSERT INTO PERFORMANCES (id, show_id, round_no, start_time, end_time, order_open_time, order_close_time, state, max_can_hold_count, hold_time, created_at, created_by, status) VALUES (27, 14, 1, '2026-05-10 19:00:00', '2026-05-10 21:42:00', '2026-03-11 10:00:00', '2026-05-10 18:00:00', 'OPEN', 4, 300, '2026-01-01 10:00:00', '시드', 'ACTIVE');
INSERT INTO PERFORMANCES (id, show_id, round_no, start_time, end_time, order_open_time, order_close_time, state, max_can_hold_count, hold_time, created_at, created_by, status) VALUES (28, 14, 2, '2026-05-11 19:00:00', '2026-05-11 21:42:00', '2026-03-11 10:00:00', '2026-05-11 18:00:00', 'OPEN', 4, 300, '2026-01-01 10:00:00', '시드', 'ACTIVE');
INSERT INTO PERFORMANCES (id, show_id, round_no, start_time, end_time, order_open_time, order_close_time, state, max_can_hold_count, hold_time, created_at, created_by, status) VALUES (29, 15, 1, '2026-05-13 19:00:00', '2026-05-13 21:10:00', '2026-03-13 10:00:00', '2026-05-13 18:00:00', 'OPEN', 4, 300, '2026-01-01 10:00:00', '시드', 'ACTIVE');
INSERT INTO PERFORMANCES (id, show_id, round_no, start_time, end_time, order_open_time, order_close_time, state, max_can_hold_count, hold_time, created_at, created_by, status) VALUES (30, 15, 2, '2026-05-14 19:00:00', '2026-05-14 21:10:00', '2026-03-13 10:00:00', '2026-05-14 18:00:00', 'OPEN', 4, 300, '2026-01-01 10:00:00', '시드', 'ACTIVE');
INSERT INTO PERFORMANCES (id, show_id, round_no, start_time, end_time, order_open_time, order_close_time, state, max_can_hold_count, hold_time, created_at, created_by, status) VALUES (31, 16, 1, '2026-05-16 19:00:00', '2026-05-16 21:18:00', '2026-03-15 10:00:00', '2026-05-16 18:00:00', 'OPEN', 4, 300, '2026-01-01 10:00:00', '시드', 'ACTIVE');
INSERT INTO PERFORMANCES (id, show_id, round_no, start_time, end_time, order_open_time, order_close_time, state, max_can_hold_count, hold_time, created_at, created_by, status) VALUES (32, 16, 2, '2026-05-17 19:00:00', '2026-05-17 21:18:00', '2026-03-15 10:00:00', '2026-05-17 18:00:00', 'OPEN', 4, 300, '2026-01-01 10:00:00', '시드', 'ACTIVE');
INSERT INTO PERFORMANCES (id, show_id, round_no, start_time, end_time, order_open_time, order_close_time, state, max_can_hold_count, hold_time, created_at, created_by, status) VALUES (33, 17, 1, '2026-05-19 19:00:00', '2026-05-19 21:26:00', '2026-03-17 10:00:00', '2026-05-19 18:00:00', 'OPEN', 4, 300, '2026-01-01 10:00:00', '시드', 'ACTIVE');
INSERT INTO PERFORMANCES (id, show_id, round_no, start_time, end_time, order_open_time, order_close_time, state, max_can_hold_count, hold_time, created_at, created_by, status) VALUES (34, 17, 2, '2026-05-20 19:00:00', '2026-05-20 21:26:00', '2026-03-17 10:00:00', '2026-05-20 18:00:00', 'OPEN', 4, 300, '2026-01-01 10:00:00', '시드', 'ACTIVE');
INSERT INTO PERFORMANCES (id, show_id, round_no, start_time, end_time, order_open_time, order_close_time, state, max_can_hold_count, hold_time, created_at, created_by, status) VALUES (35, 18, 1, '2026-05-22 19:00:00', '2026-05-22 21:34:00', '2026-03-19 10:00:00', '2026-05-22 18:00:00', 'OPEN', 4, 300, '2026-01-01 10:00:00', '시드', 'ACTIVE');
INSERT INTO PERFORMANCES (id, show_id, round_no, start_time, end_time, order_open_time, order_close_time, state, max_can_hold_count, hold_time, created_at, created_by, status) VALUES (36, 18, 2, '2026-05-23 19:00:00', '2026-05-23 21:34:00', '2026-03-19 10:00:00', '2026-05-23 18:00:00', 'OPEN', 4, 300, '2026-01-01 10:00:00', '시드', 'ACTIVE');
INSERT INTO PERFORMANCES (id, show_id, round_no, start_time, end_time, order_open_time, order_close_time, state, max_can_hold_count, hold_time, created_at, created_by, status) VALUES (37, 19, 1, '2026-05-25 19:00:00', '2026-05-25 21:42:00', '2026-03-21 10:00:00', '2026-05-25 18:00:00', 'OPEN', 4, 300, '2026-01-01 10:00:00', '시드', 'ACTIVE');
INSERT INTO PERFORMANCES (id, show_id, round_no, start_time, end_time, order_open_time, order_close_time, state, max_can_hold_count, hold_time, created_at, created_by, status) VALUES (38, 19, 2, '2026-05-26 19:00:00', '2026-05-26 21:42:00', '2026-03-21 10:00:00', '2026-05-26 18:00:00', 'OPEN', 4, 300, '2026-01-01 10:00:00', '시드', 'ACTIVE');
INSERT INTO PERFORMANCES (id, show_id, round_no, start_time, end_time, order_open_time, order_close_time, state, max_can_hold_count, hold_time, created_at, created_by, status) VALUES (39, 20, 1, '2026-05-28 19:00:00', '2026-05-28 21:10:00', '2026-03-23 10:00:00', '2026-05-28 18:00:00', 'OPEN', 4, 300, '2026-01-01 10:00:00', '시드', 'ACTIVE');
INSERT INTO PERFORMANCES (id, show_id, round_no, start_time, end_time, order_open_time, order_close_time, state, max_can_hold_count, hold_time, created_at, created_by, status) VALUES (40, 20, 2, '2026-05-29 19:00:00', '2026-05-29 21:10:00', '2026-03-23 10:00:00', '2026-05-29 18:00:00', 'OPEN', 4, 300, '2026-01-01 10:00:00', '시드', 'ACTIVE');
INSERT INTO PERFORMANCES (id, show_id, round_no, start_time, end_time, order_open_time, order_close_time, state, max_can_hold_count, hold_time, created_at, created_by, status) VALUES (41, 21, 1, '2025-09-01 19:00:00', '2025-09-01 21:18:00', '2025-05-10 10:00:00', '2025-09-01 18:00:00', 'CLOSE', 4, 300, '2026-01-01 10:00:00', '시드', 'ACTIVE');
INSERT INTO PERFORMANCES (id, show_id, round_no, start_time, end_time, order_open_time, order_close_time, state, max_can_hold_count, hold_time, created_at, created_by, status) VALUES (42, 21, 2, '2025-09-02 19:00:00', '2025-09-02 21:18:00', '2025-05-10 10:00:00', '2025-09-02 18:00:00', 'CLOSE', 4, 300, '2026-01-01 10:00:00', '시드', 'ACTIVE');
INSERT INTO PERFORMANCES (id, show_id, round_no, start_time, end_time, order_open_time, order_close_time, state, max_can_hold_count, hold_time, created_at, created_by, status) VALUES (43, 22, 1, '2025-09-03 19:00:00', '2025-09-03 21:26:00', '2025-05-12 10:00:00', '2025-09-03 18:00:00', 'CLOSE', 4, 300, '2026-01-01 10:00:00', '시드', 'ACTIVE');
INSERT INTO PERFORMANCES (id, show_id, round_no, start_time, end_time, order_open_time, order_close_time, state, max_can_hold_count, hold_time, created_at, created_by, status) VALUES (44, 22, 2, '2025-09-04 19:00:00', '2025-09-04 21:26:00', '2025-05-12 10:00:00', '2025-09-04 18:00:00', 'CLOSE', 4, 300, '2026-01-01 10:00:00', '시드', 'ACTIVE');
INSERT INTO PERFORMANCES (id, show_id, round_no, start_time, end_time, order_open_time, order_close_time, state, max_can_hold_count, hold_time, created_at, created_by, status) VALUES (45, 23, 1, '2025-09-05 19:00:00', '2025-09-05 21:34:00', '2025-05-14 10:00:00', '2025-09-05 18:00:00', 'CLOSE', 4, 300, '2026-01-01 10:00:00', '시드', 'ACTIVE');
INSERT INTO PERFORMANCES (id, show_id, round_no, start_time, end_time, order_open_time, order_close_time, state, max_can_hold_count, hold_time, created_at, created_by, status) VALUES (46, 23, 2, '2025-09-06 19:00:00', '2025-09-06 21:34:00', '2025-05-14 10:00:00', '2025-09-06 18:00:00', 'CLOSE', 4, 300, '2026-01-01 10:00:00', '시드', 'ACTIVE');
INSERT INTO PERFORMANCES (id, show_id, round_no, start_time, end_time, order_open_time, order_close_time, state, max_can_hold_count, hold_time, created_at, created_by, status) VALUES (47, 24, 1, '2025-09-07 19:00:00', '2025-09-07 21:42:00', '2025-05-16 10:00:00', '2025-09-07 18:00:00', 'CLOSE', 4, 300, '2026-01-01 10:00:00', '시드', 'ACTIVE');
INSERT INTO PERFORMANCES (id, show_id, round_no, start_time, end_time, order_open_time, order_close_time, state, max_can_hold_count, hold_time, created_at, created_by, status) VALUES (48, 24, 2, '2025-09-08 19:00:00', '2025-09-08 21:42:00', '2025-05-16 10:00:00', '2025-09-08 18:00:00', 'CLOSE', 4, 300, '2026-01-01 10:00:00', '시드', 'ACTIVE');
INSERT INTO PERFORMANCES (id, show_id, round_no, start_time, end_time, order_open_time, order_close_time, state, max_can_hold_count, hold_time, created_at, created_by, status) VALUES (49, 25, 1, '2025-09-09 19:00:00', '2025-09-09 21:10:00', '2025-05-18 10:00:00', '2025-09-09 18:00:00', 'CLOSE', 4, 300, '2026-01-01 10:00:00', '시드', 'ACTIVE');
INSERT INTO PERFORMANCES (id, show_id, round_no, start_time, end_time, order_open_time, order_close_time, state, max_can_hold_count, hold_time, created_at, created_by, status) VALUES (50, 25, 2, '2025-09-10 19:00:00', '2025-09-10 21:10:00', '2025-05-18 10:00:00', '2025-09-10 18:00:00', 'CLOSE', 4, 300, '2026-01-01 10:00:00', '시드', 'ACTIVE');
INSERT INTO PERFORMANCES (id, show_id, round_no, start_time, end_time, order_open_time, order_close_time, state, max_can_hold_count, hold_time, created_at, created_by, status) VALUES (51, 26, 1, '2025-09-11 19:00:00', '2025-09-11 21:18:00', '2025-05-20 10:00:00', '2025-09-11 18:00:00', 'CLOSE', 4, 300, '2026-01-01 10:00:00', '시드', 'ACTIVE');
INSERT INTO PERFORMANCES (id, show_id, round_no, start_time, end_time, order_open_time, order_close_time, state, max_can_hold_count, hold_time, created_at, created_by, status) VALUES (52, 26, 2, '2025-09-12 19:00:00', '2025-09-12 21:18:00', '2025-05-20 10:00:00', '2025-09-12 18:00:00', 'CLOSE', 4, 300, '2026-01-01 10:00:00', '시드', 'ACTIVE');
INSERT INTO PERFORMANCES (id, show_id, round_no, start_time, end_time, order_open_time, order_close_time, state, max_can_hold_count, hold_time, created_at, created_by, status) VALUES (53, 27, 1, '2025-09-13 19:00:00', '2025-09-13 21:26:00', '2025-05-22 10:00:00', '2025-09-13 18:00:00', 'CLOSE', 4, 300, '2026-01-01 10:00:00', '시드', 'ACTIVE');
INSERT INTO PERFORMANCES (id, show_id, round_no, start_time, end_time, order_open_time, order_close_time, state, max_can_hold_count, hold_time, created_at, created_by, status) VALUES (54, 27, 2, '2025-09-14 19:00:00', '2025-09-14 21:26:00', '2025-05-22 10:00:00', '2025-09-14 18:00:00', 'CLOSE', 4, 300, '2026-01-01 10:00:00', '시드', 'ACTIVE');
INSERT INTO PERFORMANCES (id, show_id, round_no, start_time, end_time, order_open_time, order_close_time, state, max_can_hold_count, hold_time, created_at, created_by, status) VALUES (55, 28, 1, '2025-09-15 19:00:00', '2025-09-15 21:34:00', '2025-05-24 10:00:00', '2025-09-15 18:00:00', 'CLOSE', 4, 300, '2026-01-01 10:00:00', '시드', 'ACTIVE');
INSERT INTO PERFORMANCES (id, show_id, round_no, start_time, end_time, order_open_time, order_close_time, state, max_can_hold_count, hold_time, created_at, created_by, status) VALUES (56, 28, 2, '2025-09-16 19:00:00', '2025-09-16 21:34:00', '2025-05-24 10:00:00', '2025-09-16 18:00:00', 'CLOSE', 4, 300, '2026-01-01 10:00:00', '시드', 'ACTIVE');
INSERT INTO PERFORMANCES (id, show_id, round_no, start_time, end_time, order_open_time, order_close_time, state, max_can_hold_count, hold_time, created_at, created_by, status) VALUES (57, 29, 1, '2025-09-17 19:00:00', '2025-09-17 21:42:00', '2025-05-26 10:00:00', '2025-09-17 18:00:00', 'CLOSE', 4, 300, '2026-01-01 10:00:00', '시드', 'ACTIVE');
INSERT INTO PERFORMANCES (id, show_id, round_no, start_time, end_time, order_open_time, order_close_time, state, max_can_hold_count, hold_time, created_at, created_by, status) VALUES (58, 29, 2, '2025-09-18 19:00:00', '2025-09-18 21:42:00', '2025-05-26 10:00:00', '2025-09-18 18:00:00', 'CLOSE', 4, 300, '2026-01-01 10:00:00', '시드', 'ACTIVE');
INSERT INTO PERFORMANCES (id, show_id, round_no, start_time, end_time, order_open_time, order_close_time, state, max_can_hold_count, hold_time, created_at, created_by, status) VALUES (59, 30, 1, '2025-09-19 19:00:00', '2025-09-19 21:10:00', '2025-05-28 10:00:00', '2025-09-19 18:00:00', 'CLOSE', 4, 300, '2026-01-01 10:00:00', '시드', 'ACTIVE');
INSERT INTO PERFORMANCES (id, show_id, round_no, start_time, end_time, order_open_time, order_close_time, state, max_can_hold_count, hold_time, created_at, created_by, status) VALUES (60, 30, 2, '2025-09-20 19:00:00', '2025-09-20 21:10:00', '2025-05-28 10:00:00', '2025-09-20 18:00:00', 'CLOSE', 4, 300, '2026-01-01 10:00:00', '시드', 'ACTIVE');
INSERT INTO PERFORMANCES (id, show_id, round_no, start_time, end_time, order_open_time, order_close_time, state, max_can_hold_count, hold_time, created_at, created_by, status) VALUES (61, 31, 1, '2026-03-02 19:00:00', '2026-03-02 20:50:00', '2025-12-21 10:00:00', '2026-03-02 18:00:00', 'OPEN', 4, 300, '2026-01-01 10:00:00', '시드', 'ACTIVE');
INSERT INTO PERFORMANCES (id, show_id, round_no, start_time, end_time, order_open_time, order_close_time, state, max_can_hold_count, hold_time, created_at, created_by, status) VALUES (62, 31, 2, '2026-03-03 19:00:00', '2026-03-03 20:50:00', '2025-12-21 10:00:00', '2026-03-03 18:00:00', 'OPEN', 4, 300, '2026-01-01 10:00:00', '시드', 'ACTIVE');
INSERT INTO PERFORMANCES (id, show_id, round_no, start_time, end_time, order_open_time, order_close_time, state, max_can_hold_count, hold_time, created_at, created_by, status) VALUES (63, 32, 1, '2026-03-04 19:00:00', '2026-03-04 21:00:00', '2025-12-23 10:00:00', '2026-03-04 18:00:00', 'OPEN', 4, 300, '2026-01-01 10:00:00', '시드', 'ACTIVE');
INSERT INTO PERFORMANCES (id, show_id, round_no, start_time, end_time, order_open_time, order_close_time, state, max_can_hold_count, hold_time, created_at, created_by, status) VALUES (64, 32, 2, '2026-03-05 19:00:00', '2026-03-05 21:00:00', '2025-12-23 10:00:00', '2026-03-05 18:00:00', 'OPEN', 4, 300, '2026-01-01 10:00:00', '시드', 'ACTIVE');
INSERT INTO PERFORMANCES (id, show_id, round_no, start_time, end_time, order_open_time, order_close_time, state, max_can_hold_count, hold_time, created_at, created_by, status) VALUES (65, 33, 1, '2026-03-06 19:00:00', '2026-03-06 21:10:00', '2025-12-25 10:00:00', '2026-03-06 18:00:00', 'OPEN', 4, 300, '2026-01-01 10:00:00', '시드', 'ACTIVE');
INSERT INTO PERFORMANCES (id, show_id, round_no, start_time, end_time, order_open_time, order_close_time, state, max_can_hold_count, hold_time, created_at, created_by, status) VALUES (66, 33, 2, '2026-03-07 19:00:00', '2026-03-07 21:10:00', '2025-12-25 10:00:00', '2026-03-07 18:00:00', 'OPEN', 4, 300, '2026-01-01 10:00:00', '시드', 'ACTIVE');
INSERT INTO PERFORMANCES (id, show_id, round_no, start_time, end_time, order_open_time, order_close_time, state, max_can_hold_count, hold_time, created_at, created_by, status) VALUES (67, 34, 1, '2026-03-08 19:00:00', '2026-03-08 21:20:00', '2025-12-27 10:00:00', '2026-03-08 18:00:00', 'OPEN', 4, 300, '2026-01-01 10:00:00', '시드', 'ACTIVE');
INSERT INTO PERFORMANCES (id, show_id, round_no, start_time, end_time, order_open_time, order_close_time, state, max_can_hold_count, hold_time, created_at, created_by, status) VALUES (68, 34, 2, '2026-03-09 19:00:00', '2026-03-09 21:20:00', '2025-12-27 10:00:00', '2026-03-09 18:00:00', 'OPEN', 4, 300, '2026-01-01 10:00:00', '시드', 'ACTIVE');
INSERT INTO PERFORMANCES (id, show_id, round_no, start_time, end_time, order_open_time, order_close_time, state, max_can_hold_count, hold_time, created_at, created_by, status) VALUES (69, 35, 1, '2026-03-10 19:00:00', '2026-03-10 20:40:00', '2025-12-29 10:00:00', '2026-03-10 18:00:00', 'OPEN', 4, 300, '2026-01-01 10:00:00', '시드', 'ACTIVE');
INSERT INTO PERFORMANCES (id, show_id, round_no, start_time, end_time, order_open_time, order_close_time, state, max_can_hold_count, hold_time, created_at, created_by, status) VALUES (70, 35, 2, '2026-03-11 19:00:00', '2026-03-11 20:40:00', '2025-12-29 10:00:00', '2026-03-11 18:00:00', 'OPEN', 4, 300, '2026-01-01 10:00:00', '시드', 'ACTIVE');
INSERT INTO PERFORMANCES (id, show_id, round_no, start_time, end_time, order_open_time, order_close_time, state, max_can_hold_count, hold_time, created_at, created_by, status) VALUES (71, 36, 1, '2026-03-12 19:00:00', '2026-03-12 20:50:00', '2025-12-31 10:00:00', '2026-03-12 18:00:00', 'OPEN', 4, 300, '2026-01-01 10:00:00', '시드', 'ACTIVE');
INSERT INTO PERFORMANCES (id, show_id, round_no, start_time, end_time, order_open_time, order_close_time, state, max_can_hold_count, hold_time, created_at, created_by, status) VALUES (72, 36, 2, '2026-03-13 19:00:00', '2026-03-13 20:50:00', '2025-12-31 10:00:00', '2026-03-13 18:00:00', 'OPEN', 4, 300, '2026-01-01 10:00:00', '시드', 'ACTIVE');
INSERT INTO PERFORMANCES (id, show_id, round_no, start_time, end_time, order_open_time, order_close_time, state, max_can_hold_count, hold_time, created_at, created_by, status) VALUES (73, 37, 1, '2026-03-14 19:00:00', '2026-03-14 21:00:00', '2026-01-02 10:00:00', '2026-03-14 18:00:00', 'OPEN', 4, 300, '2026-01-01 10:00:00', '시드', 'ACTIVE');
INSERT INTO PERFORMANCES (id, show_id, round_no, start_time, end_time, order_open_time, order_close_time, state, max_can_hold_count, hold_time, created_at, created_by, status) VALUES (74, 37, 2, '2026-03-15 19:00:00', '2026-03-15 21:00:00', '2026-01-02 10:00:00', '2026-03-15 18:00:00', 'OPEN', 4, 300, '2026-01-01 10:00:00', '시드', 'ACTIVE');
INSERT INTO PERFORMANCES (id, show_id, round_no, start_time, end_time, order_open_time, order_close_time, state, max_can_hold_count, hold_time, created_at, created_by, status) VALUES (75, 38, 1, '2026-03-16 19:00:00', '2026-03-16 21:10:00', '2026-01-04 10:00:00', '2026-03-16 18:00:00', 'OPEN', 4, 300, '2026-01-01 10:00:00', '시드', 'ACTIVE');
INSERT INTO PERFORMANCES (id, show_id, round_no, start_time, end_time, order_open_time, order_close_time, state, max_can_hold_count, hold_time, created_at, created_by, status) VALUES (76, 38, 2, '2026-03-17 19:00:00', '2026-03-17 21:10:00', '2026-01-04 10:00:00', '2026-03-17 18:00:00', 'OPEN', 4, 300, '2026-01-01 10:00:00', '시드', 'ACTIVE');
INSERT INTO PERFORMANCES (id, show_id, round_no, start_time, end_time, order_open_time, order_close_time, state, max_can_hold_count, hold_time, created_at, created_by, status) VALUES (77, 39, 1, '2026-03-18 19:00:00', '2026-03-18 21:20:00', '2026-01-06 10:00:00', '2026-03-18 18:00:00', 'OPEN', 4, 300, '2026-01-01 10:00:00', '시드', 'ACTIVE');
INSERT INTO PERFORMANCES (id, show_id, round_no, start_time, end_time, order_open_time, order_close_time, state, max_can_hold_count, hold_time, created_at, created_by, status) VALUES (78, 39, 2, '2026-03-19 19:00:00', '2026-03-19 21:20:00', '2026-01-06 10:00:00', '2026-03-19 18:00:00', 'OPEN', 4, 300, '2026-01-01 10:00:00', '시드', 'ACTIVE');
INSERT INTO PERFORMANCES (id, show_id, round_no, start_time, end_time, order_open_time, order_close_time, state, max_can_hold_count, hold_time, created_at, created_by, status) VALUES (79, 40, 1, '2026-03-20 19:00:00', '2026-03-20 20:40:00', '2026-01-08 10:00:00', '2026-03-20 18:00:00', 'OPEN', 4, 300, '2026-01-01 10:00:00', '시드', 'ACTIVE');
INSERT INTO PERFORMANCES (id, show_id, round_no, start_time, end_time, order_open_time, order_close_time, state, max_can_hold_count, hold_time, created_at, created_by, status) VALUES (80, 40, 2, '2026-03-21 19:00:00', '2026-03-21 20:40:00', '2026-01-08 10:00:00', '2026-03-21 18:00:00', 'OPEN', 4, 300, '2026-01-01 10:00:00', '시드', 'ACTIVE');
INSERT INTO PERFORMANCES (id, show_id, round_no, start_time, end_time, order_open_time, order_close_time, state, max_can_hold_count, hold_time, created_at, created_by, status) VALUES (81, 41, 1, '2026-05-02 19:00:00', '2026-05-02 20:50:00', '2026-03-06 10:00:00', '2026-05-02 18:00:00', 'OPEN', 4, 300, '2026-01-01 10:00:00', '시드', 'ACTIVE');
INSERT INTO PERFORMANCES (id, show_id, round_no, start_time, end_time, order_open_time, order_close_time, state, max_can_hold_count, hold_time, created_at, created_by, status) VALUES (82, 41, 2, '2026-05-03 19:00:00', '2026-05-03 20:50:00', '2026-03-06 10:00:00', '2026-05-03 18:00:00', 'OPEN', 4, 300, '2026-01-01 10:00:00', '시드', 'ACTIVE');
INSERT INTO PERFORMANCES (id, show_id, round_no, start_time, end_time, order_open_time, order_close_time, state, max_can_hold_count, hold_time, created_at, created_by, status) VALUES (83, 42, 1, '2026-05-05 19:00:00', '2026-05-05 21:00:00', '2026-03-08 10:00:00', '2026-05-05 18:00:00', 'OPEN', 4, 300, '2026-01-01 10:00:00', '시드', 'ACTIVE');
INSERT INTO PERFORMANCES (id, show_id, round_no, start_time, end_time, order_open_time, order_close_time, state, max_can_hold_count, hold_time, created_at, created_by, status) VALUES (84, 42, 2, '2026-05-06 19:00:00', '2026-05-06 21:00:00', '2026-03-08 10:00:00', '2026-05-06 18:00:00', 'OPEN', 4, 300, '2026-01-01 10:00:00', '시드', 'ACTIVE');
INSERT INTO PERFORMANCES (id, show_id, round_no, start_time, end_time, order_open_time, order_close_time, state, max_can_hold_count, hold_time, created_at, created_by, status) VALUES (85, 43, 1, '2026-05-08 19:00:00', '2026-05-08 21:10:00', '2026-03-10 10:00:00', '2026-05-08 18:00:00', 'OPEN', 4, 300, '2026-01-01 10:00:00', '시드', 'ACTIVE');
INSERT INTO PERFORMANCES (id, show_id, round_no, start_time, end_time, order_open_time, order_close_time, state, max_can_hold_count, hold_time, created_at, created_by, status) VALUES (86, 43, 2, '2026-05-09 19:00:00', '2026-05-09 21:10:00', '2026-03-10 10:00:00', '2026-05-09 18:00:00', 'OPEN', 4, 300, '2026-01-01 10:00:00', '시드', 'ACTIVE');
INSERT INTO PERFORMANCES (id, show_id, round_no, start_time, end_time, order_open_time, order_close_time, state, max_can_hold_count, hold_time, created_at, created_by, status) VALUES (87, 44, 1, '2026-05-11 19:00:00', '2026-05-11 21:20:00', '2026-03-12 10:00:00', '2026-05-11 18:00:00', 'OPEN', 4, 300, '2026-01-01 10:00:00', '시드', 'ACTIVE');
INSERT INTO PERFORMANCES (id, show_id, round_no, start_time, end_time, order_open_time, order_close_time, state, max_can_hold_count, hold_time, created_at, created_by, status) VALUES (88, 44, 2, '2026-05-12 19:00:00', '2026-05-12 21:20:00', '2026-03-12 10:00:00', '2026-05-12 18:00:00', 'OPEN', 4, 300, '2026-01-01 10:00:00', '시드', 'ACTIVE');
INSERT INTO PERFORMANCES (id, show_id, round_no, start_time, end_time, order_open_time, order_close_time, state, max_can_hold_count, hold_time, created_at, created_by, status) VALUES (89, 45, 1, '2026-05-14 19:00:00', '2026-05-14 20:40:00', '2026-03-14 10:00:00', '2026-05-14 18:00:00', 'OPEN', 4, 300, '2026-01-01 10:00:00', '시드', 'ACTIVE');
INSERT INTO PERFORMANCES (id, show_id, round_no, start_time, end_time, order_open_time, order_close_time, state, max_can_hold_count, hold_time, created_at, created_by, status) VALUES (90, 45, 2, '2026-05-15 19:00:00', '2026-05-15 20:40:00', '2026-03-14 10:00:00', '2026-05-15 18:00:00', 'OPEN', 4, 300, '2026-01-01 10:00:00', '시드', 'ACTIVE');
INSERT INTO PERFORMANCES (id, show_id, round_no, start_time, end_time, order_open_time, order_close_time, state, max_can_hold_count, hold_time, created_at, created_by, status) VALUES (91, 46, 1, '2026-05-17 19:00:00', '2026-05-17 20:50:00', '2026-03-16 10:00:00', '2026-05-17 18:00:00', 'OPEN', 4, 300, '2026-01-01 10:00:00', '시드', 'ACTIVE');
INSERT INTO PERFORMANCES (id, show_id, round_no, start_time, end_time, order_open_time, order_close_time, state, max_can_hold_count, hold_time, created_at, created_by, status) VALUES (92, 46, 2, '2026-05-18 19:00:00', '2026-05-18 20:50:00', '2026-03-16 10:00:00', '2026-05-18 18:00:00', 'OPEN', 4, 300, '2026-01-01 10:00:00', '시드', 'ACTIVE');
INSERT INTO PERFORMANCES (id, show_id, round_no, start_time, end_time, order_open_time, order_close_time, state, max_can_hold_count, hold_time, created_at, created_by, status) VALUES (93, 47, 1, '2026-05-20 19:00:00', '2026-05-20 21:00:00', '2026-03-18 10:00:00', '2026-05-20 18:00:00', 'OPEN', 4, 300, '2026-01-01 10:00:00', '시드', 'ACTIVE');
INSERT INTO PERFORMANCES (id, show_id, round_no, start_time, end_time, order_open_time, order_close_time, state, max_can_hold_count, hold_time, created_at, created_by, status) VALUES (94, 47, 2, '2026-05-21 19:00:00', '2026-05-21 21:00:00', '2026-03-18 10:00:00', '2026-05-21 18:00:00', 'OPEN', 4, 300, '2026-01-01 10:00:00', '시드', 'ACTIVE');
INSERT INTO PERFORMANCES (id, show_id, round_no, start_time, end_time, order_open_time, order_close_time, state, max_can_hold_count, hold_time, created_at, created_by, status) VALUES (95, 48, 1, '2026-05-23 19:00:00', '2026-05-23 21:10:00', '2026-03-20 10:00:00', '2026-05-23 18:00:00', 'OPEN', 4, 300, '2026-01-01 10:00:00', '시드', 'ACTIVE');
INSERT INTO PERFORMANCES (id, show_id, round_no, start_time, end_time, order_open_time, order_close_time, state, max_can_hold_count, hold_time, created_at, created_by, status) VALUES (96, 48, 2, '2026-05-24 19:00:00', '2026-05-24 21:10:00', '2026-03-20 10:00:00', '2026-05-24 18:00:00', 'OPEN', 4, 300, '2026-01-01 10:00:00', '시드', 'ACTIVE');
INSERT INTO PERFORMANCES (id, show_id, round_no, start_time, end_time, order_open_time, order_close_time, state, max_can_hold_count, hold_time, created_at, created_by, status) VALUES (97, 49, 1, '2026-05-26 19:00:00', '2026-05-26 21:20:00', '2026-03-22 10:00:00', '2026-05-26 18:00:00', 'OPEN', 4, 300, '2026-01-01 10:00:00', '시드', 'ACTIVE');
INSERT INTO PERFORMANCES (id, show_id, round_no, start_time, end_time, order_open_time, order_close_time, state, max_can_hold_count, hold_time, created_at, created_by, status) VALUES (98, 49, 2, '2026-05-27 19:00:00', '2026-05-27 21:20:00', '2026-03-22 10:00:00', '2026-05-27 18:00:00', 'OPEN', 4, 300, '2026-01-01 10:00:00', '시드', 'ACTIVE');
INSERT INTO PERFORMANCES (id, show_id, round_no, start_time, end_time, order_open_time, order_close_time, state, max_can_hold_count, hold_time, created_at, created_by, status) VALUES (99, 50, 1, '2026-05-29 19:00:00', '2026-05-29 20:40:00', '2026-03-24 10:00:00', '2026-05-29 18:00:00', 'OPEN', 4, 300, '2026-01-01 10:00:00', '시드', 'ACTIVE');
INSERT INTO PERFORMANCES (id, show_id, round_no, start_time, end_time, order_open_time, order_close_time, state, max_can_hold_count, hold_time, created_at, created_by, status) VALUES (100, 50, 2, '2026-05-30 19:00:00', '2026-05-30 20:40:00', '2026-03-24 10:00:00', '2026-05-30 18:00:00', 'OPEN', 4, 300, '2026-01-01 10:00:00', '시드', 'ACTIVE');
INSERT INTO PERFORMANCES (id, show_id, round_no, start_time, end_time, order_open_time, order_close_time, state, max_can_hold_count, hold_time, created_at, created_by, status) VALUES (101, 51, 1, '2025-09-02 19:00:00', '2025-09-02 20:50:00', '2025-05-11 10:00:00', '2025-09-02 18:00:00', 'CLOSE', 4, 300, '2026-01-01 10:00:00', '시드', 'ACTIVE');
INSERT INTO PERFORMANCES (id, show_id, round_no, start_time, end_time, order_open_time, order_close_time, state, max_can_hold_count, hold_time, created_at, created_by, status) VALUES (102, 51, 2, '2025-09-03 19:00:00', '2025-09-03 20:50:00', '2025-05-11 10:00:00', '2025-09-03 18:00:00', 'CLOSE', 4, 300, '2026-01-01 10:00:00', '시드', 'ACTIVE');
INSERT INTO PERFORMANCES (id, show_id, round_no, start_time, end_time, order_open_time, order_close_time, state, max_can_hold_count, hold_time, created_at, created_by, status) VALUES (103, 52, 1, '2025-09-04 19:00:00', '2025-09-04 21:00:00', '2025-05-13 10:00:00', '2025-09-04 18:00:00', 'CLOSE', 4, 300, '2026-01-01 10:00:00', '시드', 'ACTIVE');
INSERT INTO PERFORMANCES (id, show_id, round_no, start_time, end_time, order_open_time, order_close_time, state, max_can_hold_count, hold_time, created_at, created_by, status) VALUES (104, 52, 2, '2025-09-05 19:00:00', '2025-09-05 21:00:00', '2025-05-13 10:00:00', '2025-09-05 18:00:00', 'CLOSE', 4, 300, '2026-01-01 10:00:00', '시드', 'ACTIVE');
INSERT INTO PERFORMANCES (id, show_id, round_no, start_time, end_time, order_open_time, order_close_time, state, max_can_hold_count, hold_time, created_at, created_by, status) VALUES (105, 53, 1, '2025-09-06 19:00:00', '2025-09-06 21:10:00', '2025-05-15 10:00:00', '2025-09-06 18:00:00', 'CLOSE', 4, 300, '2026-01-01 10:00:00', '시드', 'ACTIVE');
INSERT INTO PERFORMANCES (id, show_id, round_no, start_time, end_time, order_open_time, order_close_time, state, max_can_hold_count, hold_time, created_at, created_by, status) VALUES (106, 53, 2, '2025-09-07 19:00:00', '2025-09-07 21:10:00', '2025-05-15 10:00:00', '2025-09-07 18:00:00', 'CLOSE', 4, 300, '2026-01-01 10:00:00', '시드', 'ACTIVE');
INSERT INTO PERFORMANCES (id, show_id, round_no, start_time, end_time, order_open_time, order_close_time, state, max_can_hold_count, hold_time, created_at, created_by, status) VALUES (107, 54, 1, '2025-09-08 19:00:00', '2025-09-08 21:20:00', '2025-05-17 10:00:00', '2025-09-08 18:00:00', 'CLOSE', 4, 300, '2026-01-01 10:00:00', '시드', 'ACTIVE');
INSERT INTO PERFORMANCES (id, show_id, round_no, start_time, end_time, order_open_time, order_close_time, state, max_can_hold_count, hold_time, created_at, created_by, status) VALUES (108, 54, 2, '2025-09-09 19:00:00', '2025-09-09 21:20:00', '2025-05-17 10:00:00', '2025-09-09 18:00:00', 'CLOSE', 4, 300, '2026-01-01 10:00:00', '시드', 'ACTIVE');
INSERT INTO PERFORMANCES (id, show_id, round_no, start_time, end_time, order_open_time, order_close_time, state, max_can_hold_count, hold_time, created_at, created_by, status) VALUES (109, 55, 1, '2025-09-10 19:00:00', '2025-09-10 20:40:00', '2025-05-19 10:00:00', '2025-09-10 18:00:00', 'CLOSE', 4, 300, '2026-01-01 10:00:00', '시드', 'ACTIVE');
INSERT INTO PERFORMANCES (id, show_id, round_no, start_time, end_time, order_open_time, order_close_time, state, max_can_hold_count, hold_time, created_at, created_by, status) VALUES (110, 55, 2, '2025-09-11 19:00:00', '2025-09-11 20:40:00', '2025-05-19 10:00:00', '2025-09-11 18:00:00', 'CLOSE', 4, 300, '2026-01-01 10:00:00', '시드', 'ACTIVE');
INSERT INTO PERFORMANCES (id, show_id, round_no, start_time, end_time, order_open_time, order_close_time, state, max_can_hold_count, hold_time, created_at, created_by, status) VALUES (111, 56, 1, '2025-09-12 19:00:00', '2025-09-12 20:50:00', '2025-05-21 10:00:00', '2025-09-12 18:00:00', 'CLOSE', 4, 300, '2026-01-01 10:00:00', '시드', 'ACTIVE');
INSERT INTO PERFORMANCES (id, show_id, round_no, start_time, end_time, order_open_time, order_close_time, state, max_can_hold_count, hold_time, created_at, created_by, status) VALUES (112, 56, 2, '2025-09-13 19:00:00', '2025-09-13 20:50:00', '2025-05-21 10:00:00', '2025-09-13 18:00:00', 'CLOSE', 4, 300, '2026-01-01 10:00:00', '시드', 'ACTIVE');
INSERT INTO PERFORMANCES (id, show_id, round_no, start_time, end_time, order_open_time, order_close_time, state, max_can_hold_count, hold_time, created_at, created_by, status) VALUES (113, 57, 1, '2025-09-14 19:00:00', '2025-09-14 21:00:00', '2025-05-23 10:00:00', '2025-09-14 18:00:00', 'CLOSE', 4, 300, '2026-01-01 10:00:00', '시드', 'ACTIVE');
INSERT INTO PERFORMANCES (id, show_id, round_no, start_time, end_time, order_open_time, order_close_time, state, max_can_hold_count, hold_time, created_at, created_by, status) VALUES (114, 57, 2, '2025-09-15 19:00:00', '2025-09-15 21:00:00', '2025-05-23 10:00:00', '2025-09-15 18:00:00', 'CLOSE', 4, 300, '2026-01-01 10:00:00', '시드', 'ACTIVE');
INSERT INTO PERFORMANCES (id, show_id, round_no, start_time, end_time, order_open_time, order_close_time, state, max_can_hold_count, hold_time, created_at, created_by, status) VALUES (115, 58, 1, '2025-09-16 19:00:00', '2025-09-16 21:10:00', '2025-05-25 10:00:00', '2025-09-16 18:00:00', 'CLOSE', 4, 300, '2026-01-01 10:00:00', '시드', 'ACTIVE');
INSERT INTO PERFORMANCES (id, show_id, round_no, start_time, end_time, order_open_time, order_close_time, state, max_can_hold_count, hold_time, created_at, created_by, status) VALUES (116, 58, 2, '2025-09-17 19:00:00', '2025-09-17 21:10:00', '2025-05-25 10:00:00', '2025-09-17 18:00:00', 'CLOSE', 4, 300, '2026-01-01 10:00:00', '시드', 'ACTIVE');
INSERT INTO PERFORMANCES (id, show_id, round_no, start_time, end_time, order_open_time, order_close_time, state, max_can_hold_count, hold_time, created_at, created_by, status) VALUES (117, 59, 1, '2025-09-18 19:00:00', '2025-09-18 21:20:00', '2025-05-27 10:00:00', '2025-09-18 18:00:00', 'CLOSE', 4, 300, '2026-01-01 10:00:00', '시드', 'ACTIVE');
INSERT INTO PERFORMANCES (id, show_id, round_no, start_time, end_time, order_open_time, order_close_time, state, max_can_hold_count, hold_time, created_at, created_by, status) VALUES (118, 59, 2, '2025-09-19 19:00:00', '2025-09-19 21:20:00', '2025-05-27 10:00:00', '2025-09-19 18:00:00', 'CLOSE', 4, 300, '2026-01-01 10:00:00', '시드', 'ACTIVE');
INSERT INTO PERFORMANCES (id, show_id, round_no, start_time, end_time, order_open_time, order_close_time, state, max_can_hold_count, hold_time, created_at, created_by, status) VALUES (119, 60, 1, '2025-09-20 19:00:00', '2025-09-20 20:40:00', '2025-05-29 10:00:00', '2025-09-20 18:00:00', 'CLOSE', 4, 300, '2026-01-01 10:00:00', '시드', 'ACTIVE');
INSERT INTO PERFORMANCES (id, show_id, round_no, start_time, end_time, order_open_time, order_close_time, state, max_can_hold_count, hold_time, created_at, created_by, status) VALUES (120, 60, 2, '2025-09-21 19:00:00', '2025-09-21 20:40:00', '2025-05-29 10:00:00', '2025-09-21 18:00:00', 'CLOSE', 4, 300, '2026-01-01 10:00:00', '시드', 'ACTIVE');
